date;value
18.04.2013;101,99
19.04.2013;112,4
20.04.2013;116,59
21.04.2013;112
22.04.2013;115,5
23.04.2013;126,1
24.04.2013;143,5
25.04.2013;135,89
26.04.2013;130
27.04.2013;122,63
28.04.2013;125,98
29.04.2013;135,2
30.04.2013;133,83
01.05.2013;116,08
02.05.2013;106,8
03.05.2013;98,59
04.05.2013;111,49
05.05.2013;115,01
06.05.2013;111
07.05.2013;109,95
08.05.2013;109,25
09.05.2013;108,07
10.05.2013;112,99
11.05.2013;112,19
12.05.2013;111,28
13.05.2013;113,2
14.05.2013;104,15
15.05.2013;104,99
16.05.2013;109
17.05.2013;112,08
18.05.2013;113,63
19.05.2013;112,16
20.05.2013;113,7
21.05.2013;116,87
22.05.2013;116,7
23.05.2013;120,69
24.05.2013;128,21
25.05.2013;127,44
26.05.2013;129,56
27.05.2013;127,15
28.05.2013;125,2
29.05.2013;127,66
30.05.2013;126,5
31.05.2013;126,35
01.06.2013;127,47
02.06.2013;120,8
03.06.2013;119,67
04.06.2013;119,7
05.06.2013;120,49
06.06.2013;118,28
07.06.2013;111,8
08.06.2013;109,37
09.06.2013;102,5
10.06.2013;105,12
11.06.2013;108
12.06.2013;107,6
13.06.2013;105,5
14.06.2013;100
15.06.2013;100,51
16.06.2013;100,2
17.06.2013;101,36
18.06.2013;104,9
19.06.2013;105,22
20.06.2013;106,42
21.06.2013;105,63
22.06.2013;101,71
23.06.2013;101,16
24.06.2013;96,23
25.06.2013;98
26.06.2013;98
27.06.2013;95,2
28.06.2013;88,99
29.06.2013;89,6
30.06.2013;90,21
01.07.2013;81,01
02.07.2013;85,4
03.07.2013;77,45
04.07.2013;79,28
05.07.2013;66,4
06.07.2013;65,5
07.07.2013;74
08.07.2013;73,1
09.07.2013;72,25
10.07.2013;80,19
11.07.2013;82,5
12.07.2013;87
13.07.2013;88,99
14.07.2013;87,9
15.07.2013;91,3
16.07.2013;88,55
17.07.2013;89
18.07.2013;83,47
19.07.2013;83,8
20.07.2013;83,95
21.07.2013;83,8
22.07.2013;84,4
23.07.2013;85,98
24.07.2013;86,87
25.07.2013;88,89
26.07.2013;89,5
27.07.2013;87,6
28.07.2013;89,5
29.07.2013;91,2
30.07.2013;95
31.07.2013;97
01.08.2013;94,75
02.08.2013;96
03.08.2013;94,74
04.08.2013;94,36
05.08.2013;96,46
06.08.2013;97,32
07.08.2013;97,46
08.08.2013;94,38
09.08.2013;93,82
10.08.2013;92,94
11.08.2013;93,14
12.08.2013;94,84
13.08.2013;94,98
14.08.2013;97,61
15.08.2013;96,3
16.08.2013;96,79
17.08.2013;96,96
18.08.2013;96,85
19.08.2013;99,1
20.08.2013;103,1
21.08.2013;107,12
22.08.2013;106,91
23.08.2013;105,25
24.08.2013;106,36
25.08.2013;109,3
26.08.2013;108,39
27.08.2013;115,36
28.08.2013;115,2
29.08.2013;115,97
30.08.2013;120,72
31.08.2013;122,9
01.09.2013;126,4
02.09.2013;124,77
03.09.2013;125
04.09.2013;116,49
05.09.2013;117
06.09.2013;113
07.09.2013;117,03
08.09.2013;115,44
09.09.2013;119,92
10.09.2013;120
11.09.2013;124
12.09.2013;123,39
13.09.2013;124,75
14.09.2013;123,14
15.09.2013;123,6
16.09.2013;124
17.09.2013;124,5
18.09.2013;125,09
19.09.2013;120,75
20.09.2013;121,12
21.09.2013;121,1
22.09.2013;121,7
23.09.2013;120,89
24.09.2013;121,73
25.09.2013;122,55
26.09.2013;122,75
27.09.2013;122,74
28.09.2013;123,6
29.09.2013;123,05
30.09.2013;123
01.10.2013;123,75
02.10.2013;101,14
03.10.2013;115,2
04.10.2013;118,83
05.10.2013;119,32
06.10.2013;119,61
07.10.2013;121,2
08.10.2013;121,99
09.10.2013;123,86
10.10.2013;123,64
11.10.2013;124,19
12.10.2013;124,58
13.10.2013;128,66
14.10.2013;131,57
15.10.2013;137,98
16.10.2013;134,45
17.10.2013;140,68
18.10.2013;147,49
19.10.2013;156,8
20.10.2013;158,77
21.10.2013;171,36
22.10.2013;184,6
23.10.2013;198,55
24.10.2013;184
25.10.2013;178,86
26.10.2013;170,97
27.10.2013;186,99
28.10.2013;189
29.10.2013;198
30.10.2013;193,3
31.10.2013;197,9
01.11.2013;198,99
02.11.2013;198,85
03.11.2013;208,9
04.11.2013;223,77
05.11.2013;237,18
06.11.2013;251
07.11.2013;281,81
08.11.2013;313,12
09.11.2013;331,3
10.11.2013;302
11.11.2013;321,32
12.11.2013;343,9
13.11.2013;392,44
14.11.2013;406,01
15.11.2013;406,99
16.11.2013;420,49
17.11.2013;480,6
18.11.2013;679,45
19.11.2013;545,15
20.11.2013;545
21.11.2013;673,55
22.11.2013;699
23.11.2013;724,2
24.11.2013;699
25.11.2013;744
26.11.2013;890
27.11.2013;934
28.11.2013;962,03
29.11.2013;1 023,71
30.11.2013;1 051,55
01.12.2013;878,17
02.12.2013;980
03.12.2013;997,5
04.12.2013;1 076,00
05.12.2013;990,4
06.12.2013;839
07.12.2013;700
08.12.2013;784,02
09.12.2013;878,5
10.12.2013;958,5
11.12.2013;855,5
12.12.2013;860
13.12.2013;869
14.12.2013;846,92
15.12.2013;863,64
16.12.2013;690
17.12.2013;660,1
18.12.2013;502,7
19.12.2013;681
20.12.2013;609
21.12.2013;591,17
22.12.2013;604,2
23.12.2013;650,22
24.12.2013;650,33
25.12.2013;674,96
26.12.2013;743,3
27.12.2013;715,01
28.12.2013;711,83
29.12.2013;720,02
30.12.2013;729
31.12.2013;730,5
01.01.2014;744
02.01.2014;782
03.01.2014;800
04.01.2014;823,5
05.01.2014;904
06.01.2014;925
07.01.2014;757,11
08.01.2014;821,17
09.01.2014;821,7
10.01.2014;841
11.01.2014;890,38
12.01.2014;835,49
13.01.2014;824,83
14.01.2014;819,47
15.01.2014;838
16.01.2014;813,38
17.01.2014;795
18.01.2014;817,5
19.01.2014;839
20.01.2014;829
21.01.2014;831,55
22.01.2014;822
23.01.2014;809,29
24.01.2014;774,98
25.01.2014;806,25
26.01.2014;817,8
27.01.2014;748,9
28.01.2014;774,9
29.01.2014;790,09
30.01.2014;795
31.01.2014;797
01.02.2014;800
02.02.2014;799,9
03.02.2014;798,9
04.02.2014;800,53
05.02.2014;784,75
06.02.2014;764,86
07.02.2014;709,97
08.02.2014;695,99
09.02.2014;697,5
10.02.2014;671
11.02.2014;664,67
12.02.2014;643,52
13.02.2014;591,39
14.02.2014;643,62
15.02.2014;637,13
16.02.2014;599
17.02.2014;613,44
18.02.2014;615
19.02.2014;611
20.02.2014;542
21.02.2014;555,5
22.02.2014;597,56
23.02.2014;598
24.02.2014;555,76
25.02.2014;535
26.02.2014;568
27.02.2014;569,88
28.02.2014;536,3
01.03.2014;562,3
02.03.2014;554
03.03.2014;644,03
04.03.2014;656,56
05.03.2014;653,15
06.03.2014;648
07.03.2014;619,72
08.03.2014;609,97
09.03.2014;627
10.03.2014;622,6
11.03.2014;626
12.03.2014;628,45
13.03.2014;629,75
14.03.2014;622,09
15.03.2014;629,02
16.03.2014;624,89
17.03.2014;617,43
18.03.2014;614
19.03.2014;606,1
20.03.2014;589
21.03.2014;572,94
22.03.2014;567,1
23.03.2014;568
24.03.2014;588,71
25.03.2014;579
26.03.2014;579,5
27.03.2014;484,99
28.03.2014;503,93
29.03.2014;496,49
30.03.2014;467,63
31.03.2014;462,09
01.04.2014;479,9
02.04.2014;435
03.04.2014;444
04.04.2014;446,3
05.04.2014;467,78
06.04.2014;463,06
07.04.2014;444
08.04.2014;445,72
09.04.2014;436,69
10.04.2014;356,95
11.04.2014;416,52
12.04.2014;415,87
13.04.2014;412
14.04.2014;454,42
15.04.2014;518
16.04.2014;527
17.04.2014;487
18.04.2014;472,5
19.04.2014;494,94
20.04.2014;489,53
21.04.2014;483,65
22.04.2014;473
23.04.2014;479,9
24.04.2014;492,67
25.04.2014;450,77
26.04.2014;447,82
27.04.2014;425,36
28.04.2014;429,52
29.04.2014;438,88
30.04.2014;438,38
01.05.2014;448,99
02.05.2014;436
03.05.2014;433,63
04.05.2014;428,89
05.05.2014;425,76
06.05.2014;421
07.05.2014;428,24
08.05.2014;429,04
09.05.2014;442
10.05.2014;445,12
11.05.2014;434,81
12.05.2014;433,95
13.05.2014;433,36
14.05.2014;435,7
15.05.2014;439,8
16.05.2014;438,89
17.05.2014;440,95
18.05.2014;439,43
19.05.2014;437,85
20.05.2014;477,9
21.05.2014;480
22.05.2014;521,94
23.05.2014;511,99
24.05.2014;519,51
25.05.2014;564,01
26.05.2014;576
27.05.2014;561,5
28.05.2014;564,21
29.05.2014;557,22
30.05.2014;608
31.05.2014;615
01.06.2014;628,53
02.06.2014;647,89
03.06.2014;657,01
04.06.2014;627,05
05.06.2014;649
06.06.2014;639,42
07.06.2014;644,86
08.06.2014;644,54
09.06.2014;639,24
10.06.2014;644,1
11.06.2014;623,29
12.06.2014;576
13.06.2014;597,01
14.06.2014;571,13
15.06.2014;592
16.06.2014;585,62
17.06.2014;602,33
18.06.2014;599,49
19.06.2014;588
20.06.2014;585
21.06.2014;586,67
22.06.2014;593,79
23.06.2014;584,99
24.06.2014;569,58
25.06.2014;560,64
26.06.2014;576,82
27.06.2014;598,23
28.06.2014;588,25
29.06.2014;595
30.06.2014;638,15
01.07.2014;629
02.07.2014;641,11
03.07.2014;636,92
04.07.2014;626,24
05.07.2014;627,99
06.07.2014;630,31
07.07.2014;617,58
08.07.2014;615,78
09.07.2014;615,78
10.07.2014;609,66
11.07.2014;623,01
12.07.2014;627
13.07.2014;623
14.07.2014;618,51
15.07.2014;614,67
16.07.2014;611,23
17.07.2014;617
18.07.2014;620,39
19.07.2014;619,8
20.07.2014;616
21.07.2014;614,99
22.07.2014;613,53
23.07.2014;610,86
24.07.2014;593,03
25.07.2014;596,68
26.07.2014;590
27.07.2014;586,49
28.07.2014;577,63
29.07.2014;577,83
30.07.2014;564,83
31.07.2014;577,68
01.08.2014;591
02.08.2014;581,89
03.08.2014;579,55
04.08.2014;580,04
05.08.2014;579,69
06.08.2014;579,16
07.08.2014;584,23
08.08.2014;587,6
09.08.2014;585,16
10.08.2014;586,1
11.08.2014;572
12.08.2014;565,83
13.08.2014;537,29
14.08.2014;506,78
15.08.2014;494,46
16.08.2014;514,59
17.08.2014;487
18.08.2014;440,05
19.08.2014;480
20.08.2014;506,72
21.08.2014;507,82
22.08.2014;510
23.08.2014;492,99
24.08.2014;505,01
25.08.2014;498,22
26.08.2014;509,94
27.08.2014;508,26
28.08.2014;502,65
29.08.2014;503,5
30.08.2014;497,2
31.08.2014;475,9
01.09.2014;472,66
02.09.2014;473,98
03.09.2014;470,01
04.09.2014;488,97
05.09.2014;477,89
06.09.2014;482,17
07.09.2014;477,91
08.09.2014;472
09.09.2014;466,9
10.09.2014;473,74
11.09.2014;472,79
12.09.2014;469,5
13.09.2014;472,98
14.09.2014;469,68
15.09.2014;465,46
16.09.2014;456,89
17.09.2014;447,93
18.09.2014;415,45
19.09.2014;382,58
20.09.2014;401
21.09.2014;385,12
22.09.2014;386,96
23.09.2014;425,31
24.09.2014;410,55
25.09.2014;404
26.09.2014;395
27.09.2014;391
28.09.2014;370
29.09.2014;368,82
30.09.2014;382,97
01.10.2014;374,7
02.10.2014;366,31
03.10.2014;342,58
04.10.2014;316,75
05.10.2014;315,88
06.10.2014;325
07.10.2014;330
08.10.2014;352
09.10.2014;360,97
10.10.2014;353,58
11.10.2014;355,01
12.10.2014;375
13.10.2014;385
14.10.2014;397,39
15.10.2014;387,04
16.10.2014;376,08
17.10.2014;378,4
18.10.2014;385,94
19.10.2014;384,98
20.10.2014;377,07
21.10.2014;381
22.10.2014;377,07
23.10.2014;354,17
24.10.2014;352,1
25.10.2014;347,37
26.10.2014;350,24
27.10.2014;347,87
28.10.2014;349,87
29.10.2014;331,08
30.10.2014;342,69
31.10.2014;335,07
01.11.2014;323,14
02.11.2014;323,51
03.11.2014;322
04.11.2014;325,5
05.11.2014;334,89
06.11.2014;344
07.11.2014;338,72
08.11.2014;341,37
09.11.2014;362,1
10.11.2014;363,02
11.11.2014;364
12.11.2014;421
13.11.2014;413,15
14.11.2014;396,35
15.11.2014;373,57
16.11.2014;384,14
17.11.2014;382,03
18.11.2014;369,99
19.11.2014;376,6
20.11.2014;355,37
21.11.2014;345,36
22.11.2014;350
23.11.2014;364,98
24.11.2014;373,5
25.11.2014;371,2
26.11.2014;364,23
27.11.2014;366,02
28.11.2014;373
29.11.2014;373,99
30.11.2014;374,39
01.12.2014;376,55
02.12.2014;377,5
03.12.2014;370,12
04.12.2014;364
05.12.2014;369,99
06.12.2014;369,13
07.12.2014;367,57
08.12.2014;356,99
09.12.2014;345,92
10.12.2014;340
11.12.2014;341,49
12.12.2014;346
13.12.2014;342,57
14.12.2014;343,06
15.12.2014;338,45
16.12.2014;320,41
17.12.2014;319
18.12.2014;311,31
19.12.2014;314,99
20.12.2014;328
21.12.2014;317
22.12.2014;328,7
23.12.2014;330
24.12.2014;319,01
25.12.2014;316,52
26.12.2014;324,96
27.12.2014;313
28.12.2014;313,77
29.12.2014;311,34
30.12.2014;308,5
31.12.2014;316,77
01.01.2015;314,25
02.01.2015;315,03
03.01.2015;281,08
04.01.2015;264,19
05.01.2015;274,47
06.01.2015;286,19
07.01.2015;294,34
08.01.2015;283,35
09.01.2015;290,41
10.01.2015;274,8
11.01.2015;265,66
12.01.2015;267,8
13.01.2015;225,86
14.01.2015;178,1
15.01.2015;209,84
16.01.2015;208,1
17.01.2015;199,26
18.01.2015;210,34
19.01.2015;214,86
20.01.2015;211,31
21.01.2015;226,9
22.01.2015;233,41
23.01.2015;232,88
24.01.2015;247,85
25.01.2015;253,72
26.01.2015;273,47
27.01.2015;263,48
28.01.2015;233,91
29.01.2015;233,51
30.01.2015;226,43
31.01.2015;217,46
01.02.2015;226,97
02.02.2015;238,23
03.02.2015;227,27
04.02.2015;226,85
05.02.2015;217,11
06.02.2015;222,27
07.02.2015;227,75
08.02.2015;223,41
09.02.2015;220,11
10.02.2015;219,84
11.02.2015;219,19
12.02.2015;221,76
13.02.2015;235,43
14.02.2015;257,32
15.02.2015;234,82
16.02.2015;233,84
17.02.2015;243,61
18.02.2015;236,33
19.02.2015;240,28
20.02.2015;243,78
21.02.2015;244,53
22.02.2015;235,98
23.02.2015;238,89
24.02.2015;238,74
25.02.2015;237,47
26.02.2015;236,43
27.02.2015;253,83
28.02.2015;254,26
01.03.2015;260,2
02.03.2015;275,67
03.03.2015;281,7
04.03.2015;273,09
05.03.2015;276,18
06.03.2015;272,72
07.03.2015;276,26
08.03.2015;274,35
09.03.2015;289,61
10.03.2015;291,76
11.03.2015;296,38
12.03.2015;294,35
13.03.2015;285,34
14.03.2015;281,88
15.03.2015;286,39
16.03.2015;290,59
17.03.2015;285,5
18.03.2015;256,3
19.03.2015;260,93
20.03.2015;261,75
21.03.2015;260,02
22.03.2015;267,96
23.03.2015;266,74
24.03.2015;245,59
25.03.2015;246,2
26.03.2015;248,53
27.03.2015;247,03
28.03.2015;252,8
29.03.2015;242,71
30.03.2015;247,53
31.03.2015;244,22
01.04.2015;247,27
02.04.2015;253
03.04.2015;254,32
04.04.2015;253,7
05.04.2015;260,6
06.04.2015;255,49
07.04.2015;253,18
08.04.2015;245,02
09.04.2015;243,68
10.04.2015;236,07
11.04.2015;236,55
12.04.2015;236,15
13.04.2015;224,59
14.04.2015;219,16
15.04.2015;223,83
16.04.2015;228,57
17.04.2015;222,88
18.04.2015;223,36
19.04.2015;222,6
20.04.2015;224,63
21.04.2015;235,27
22.04.2015;234,18
23.04.2015;236,46
24.04.2015;231,27
25.04.2015;226,39
26.04.2015;219,43
27.04.2015;229,29
28.04.2015;225,85
29.04.2015;225,81
30.04.2015;236,15
01.05.2015;232,08
02.05.2015;234,93
03.05.2015;240,36
04.05.2015;239,02
05.05.2015;236,12
06.05.2015;229,78
07.05.2015;237,33
08.05.2015;243,86
09.05.2015;241,83
10.05.2015;240,3
11.05.2015;242,16
12.05.2015;241,11
13.05.2015;236,38
14.05.2015;236,93
15.05.2015;237,6
16.05.2015;236,15
17.05.2015;236,8
18.05.2015;233,13
19.05.2015;231,95
20.05.2015;234,02
21.05.2015;235,34
22.05.2015;240,35
23.05.2015;238,87
24.05.2015;240,95
25.05.2015;237,11
26.05.2015;237,12
27.05.2015;237,28
28.05.2015;237,41
29.05.2015;237,1
30.05.2015;233,34
31.05.2015;230,19
01.06.2015;222,93
02.06.2015;225,8
03.06.2015;225,87
04.06.2015;224,32
05.06.2015;224,95
06.06.2015;225,62
07.06.2015;222,88
08.06.2015;228,49
09.06.2015;229,05
10.06.2015;228,8
11.06.2015;229,71
12.06.2015;229,98
13.06.2015;232,4
14.06.2015;233,54
15.06.2015;236,82
16.06.2015;250,9
17.06.2015;249,28
18.06.2015;249,01
19.06.2015;244,61
20.06.2015;245,21
21.06.2015;243,94
22.06.2015;246,99
23.06.2015;244,3
24.06.2015;240,51
25.06.2015;242,8
26.06.2015;243,59
27.06.2015;250,99
28.06.2015;249,01
29.06.2015;257,06
30.06.2015;263,07
01.07.2015;258,62
02.07.2015;255,41
03.07.2015;256,34
04.07.2015;260,89
05.07.2015;271,91
06.07.2015;269,03
07.07.2015;266,21
08.07.2015;270,79
09.07.2015;269,23
10.07.2015;284,89
11.07.2015;293,12
12.07.2015;310,87
13.07.2015;292,05
14.07.2015;287,46
15.07.2015;285,83
16.07.2015;278,09
17.07.2015;279,47
18.07.2015;274,9
19.07.2015;273,61
20.07.2015;278,98
21.07.2015;275,83
22.07.2015;277,22
23.07.2015;276,05
24.07.2015;288,28
25.07.2015;288,7
26.07.2015;292,69
27.07.2015;293,62
28.07.2015;294,43
29.07.2015;289,59
30.07.2015;287,72
31.07.2015;284,65
01.08.2015;281,6
02.08.2015;282,61
03.08.2015;281,23
04.08.2015;285,22
05.08.2015;281,88
06.08.2015;278,58
07.08.2015;279,58
08.08.2015;261
09.08.2015;265,08
10.08.2015;264,47
11.08.2015;270,39
12.08.2015;266,38
13.08.2015;264,08
14.08.2015;265,68
15.08.2015;261,55
16.08.2015;258,51
17.08.2015;257,98
18.08.2015;211,08
19.08.2015;226,68
20.08.2015;235,35
21.08.2015;232,57
22.08.2015;230,39
23.08.2015;228,17
24.08.2015;210,5
25.08.2015;221,61
26.08.2015;225,83
27.08.2015;224,77
28.08.2015;231,4
29.08.2015;229,78
30.08.2015;228,76
31.08.2015;230,06
01.09.2015;228,12
02.09.2015;229,28
03.09.2015;227,18
04.09.2015;230,3
05.09.2015;235,02
06.09.2015;239,84
07.09.2015;239,85
08.09.2015;243,61
09.09.2015;238,17
10.09.2015;238,48
11.09.2015;240,11
12.09.2015;235,23
13.09.2015;230,51
14.09.2015;230,64
15.09.2015;230,3
16.09.2015;229,09
17.09.2015;229,81
18.09.2015;232,97
19.09.2015;231,49
20.09.2015;231,21
21.09.2015;227,09
22.09.2015;230,62
23.09.2015;230,28
24.09.2015;234,53
25.09.2015;235,14
26.09.2015;234,34
27.09.2015;232,76
28.09.2015;239,14
29.09.2015;236,69
30.09.2015;236,06
01.10.2015;237,55
02.10.2015;237,29
03.10.2015;238,73
04.10.2015;238,26
05.10.2015;240,38
06.10.2015;246,06
07.10.2015;242,97
08.10.2015;242,3
09.10.2015;243,93
10.10.2015;244,94
11.10.2015;247,05
12.10.2015;245,31
13.10.2015;249,51
14.10.2015;251,99
15.10.2015;254,32
16.10.2015;262,87
17.10.2015;270,64
18.10.2015;261,64
19.10.2015;263,44
20.10.2015;269,46
21.10.2015;266,27
22.10.2015;274,02
23.10.2015;276,5
24.10.2015;281,65
25.10.2015;283,68
26.10.2015;285,3
27.10.2015;293,79
28.10.2015;304,62
29.10.2015;313,86
30.10.2015;328,01
31.10.2015;314,17
01.11.2015;325,43
02.11.2015;361,19
03.11.2015;403,42
04.11.2015;411,56
05.11.2015;386,35
06.11.2015;374,47
07.11.2015;386,48
08.11.2015;373,37
09.11.2015;380,26
10.11.2015;336,82
11.11.2015;311,08
12.11.2015;338,15
13.11.2015;336,75
14.11.2015;332,91
15.11.2015;320,17
16.11.2015;330,75
17.11.2015;335,09
18.11.2015;334,59
19.11.2015;326,15
20.11.2015;322,02
21.11.2015;326,93
22.11.2015;324,54
23.11.2015;323,05
24.11.2015;320,05
25.11.2015;328,21
26.11.2015;352,68
27.11.2015;358,04
28.11.2015;357,38
29.11.2015;371,29
30.11.2015;377,32
01.12.2015;362,49
02.12.2015;359,19
03.12.2015;361,05
04.12.2015;363,18
05.12.2015;388,95
06.12.2015;388,78
07.12.2015;395,54
08.12.2015;415,56
09.12.2015;417,56
10.12.2015;415,48
11.12.2015;451,94
12.12.2015;435
13.12.2015;433,75
14.12.2015;444,18
15.12.2015;465,32
16.12.2015;454,93
17.12.2015;456,08
18.12.2015;463,62
19.12.2015;462,32
20.12.2015;442,69
21.12.2015;438,64
22.12.2015;436,57
23.12.2015;442,4
24.12.2015;454,99
25.12.2015;455,65
26.12.2015;417,27
27.12.2015;422,82
28.12.2015;422,28
29.12.2015;432,98
30.12.2015;426,62
31.12.2015;430,57
01.01.2016;434,33
02.01.2016;433,44
03.01.2016;430,01
04.01.2016;433,09
05.01.2016;431,96
06.01.2016;429,11
07.01.2016;458,05
08.01.2016;453,23
09.01.2016;447,61
10.01.2016;447,99
11.01.2016;448,43
12.01.2016;435,69
13.01.2016;432,37
14.01.2016;430,31
15.01.2016;364,33
16.01.2016;387,54
17.01.2016;382,3
18.01.2016;387,17
19.01.2016;380,15
20.01.2016;420,23
21.01.2016;410,26
22.01.2016;382,49
23.01.2016;387,49
24.01.2016;402,97
25.01.2016;391,73
26.01.2016;392,15
27.01.2016;394,97
28.01.2016;380,29
29.01.2016;379,47
30.01.2016;378,25
31.01.2016;368,77
01.02.2016;373,06
02.02.2016;374,45
03.02.2016;369,95
04.02.2016;389,59
05.02.2016;386,55
06.02.2016;376,52
07.02.2016;376,62
08.02.2016;373,45
09.02.2016;376,03
10.02.2016;381,65
11.02.2016;379,65
12.02.2016;384,26
13.02.2016;391,86
14.02.2016;407,23
15.02.2016;400,19
16.02.2016;407,49
17.02.2016;416,32
18.02.2016;422,37
19.02.2016;420,79
20.02.2016;437,16
21.02.2016;438,8
22.02.2016;437,75
23.02.2016;420,74
24.02.2016;424,95
25.02.2016;424,54
26.02.2016;432,15
27.02.2016;432,52
28.02.2016;433,5
29.02.2016;437,7
01.03.2016;435,12
02.03.2016;423,99
03.03.2016;421,65
04.03.2016;410,94
05.03.2016;400,57
06.03.2016;407,71
07.03.2016;414,32
08.03.2016;413,97
09.03.2016;414,86
10.03.2016;417,13
11.03.2016;421,69
12.03.2016;411,62
13.03.2016;414,06
14.03.2016;416,44
15.03.2016;416,83
16.03.2016;417,01
17.03.2016;420,62
18.03.2016;409,55
19.03.2016;410,44
20.03.2016;413,75
21.03.2016;413,31
22.03.2016;418,09
23.03.2016;418,04
24.03.2016;416,39
25.03.2016;417,18
26.03.2016;417,94
27.03.2016;426,76
28.03.2016;424,23
29.03.2016;416,52
30.03.2016;414,82
31.03.2016;416,73
01.04.2016;417,96
02.04.2016;420,87
03.04.2016;420,9
04.04.2016;421,44
05.04.2016;424,03
06.04.2016;423,41
07.04.2016;422,75
08.04.2016;420,35
09.04.2016;419,41
10.04.2016;421,56
11.04.2016;422,48
12.04.2016;425,19
13.04.2016;423,73
14.04.2016;424,28
15.04.2016;429,71
16.04.2016;430,57
17.04.2016;427,4
18.04.2016;428,59
19.04.2016;435,51
20.04.2016;441,39
21.04.2016;449,43
22.04.2016;445,74
23.04.2016;450,28
24.04.2016;458,56
25.04.2016;461,43
26.04.2016;466,09
27.04.2016;444,69
28.04.2016;449,01
29.04.2016;455,1
30.04.2016;448,32
01.05.2016;451,88
02.05.2016;444,67
03.05.2016;450,3
04.05.2016;446,72
05.05.2016;447,98
06.05.2016;459,6
07.05.2016;458,54
08.05.2016;458,55
09.05.2016;460,48
10.05.2016;450,89
11.05.2016;452,73
12.05.2016;454,77
13.05.2016;455,67
14.05.2016;455,67
15.05.2016;457,57
16.05.2016;454,16
17.05.2016;453,78
18.05.2016;454,62
19.05.2016;438,71
20.05.2016;442,68
21.05.2016;443,19
22.05.2016;439,32
23.05.2016;444,15
24.05.2016;445,98
25.05.2016;449,6
26.05.2016;453,38
27.05.2016;473,46
28.05.2016;530,04
29.05.2016;526,23
30.05.2016;533,86
31.05.2016;531,39
01.06.2016;536,92
02.06.2016;537,97
03.06.2016;569,19
04.06.2016;572,73
05.06.2016;574,98
06.06.2016;585,54
07.06.2016;576,6
08.06.2016;581,64
09.06.2016;574,63
10.06.2016;577,47
11.06.2016;606,73
12.06.2016;672,78
13.06.2016;704,38
14.06.2016;685,56
15.06.2016;694,47
16.06.2016;766,31
17.06.2016;748,91
18.06.2016;756,23
19.06.2016;763,78
20.06.2016;737,23
21.06.2016;666,65
22.06.2016;596,12
23.06.2016;623,98
24.06.2016;665,3
25.06.2016;665,12
26.06.2016;629,37
27.06.2016;655,27
28.06.2016;647
29.06.2016;639,89
30.06.2016;673,34
01.07.2016;676,3
02.07.2016;703,7
03.07.2016;658,66
04.07.2016;683,66
05.07.2016;670,63
06.07.2016;677,33
07.07.2016;640,56
08.07.2016;666,52
09.07.2016;650,96
10.07.2016;649,36
11.07.2016;647,66
12.07.2016;664,55
13.07.2016;654,47
14.07.2016;658,08
15.07.2016;663,25
16.07.2016;660,77
17.07.2016;679,46
18.07.2016;673,11
19.07.2016;672,86
20.07.2016;665,68
21.07.2016;665,01
22.07.2016;650,62
23.07.2016;655,56
24.07.2016;661,28
25.07.2016;654,1
26.07.2016;651,78
27.07.2016;654,35
28.07.2016;655,03
29.07.2016;656,99
30.07.2016;655,05
31.07.2016;624,68
01.08.2016;606,27
02.08.2016;547,47
03.08.2016;566,36
04.08.2016;578,29
05.08.2016;575,04
06.08.2016;587,78
07.08.2016;592,69
08.08.2016;591,05
09.08.2016;587,8
10.08.2016;592,1
11.08.2016;589,12
12.08.2016;587,56
13.08.2016;585,59
14.08.2016;570,47
15.08.2016;567,24
16.08.2016;577,44
17.08.2016;573,22
18.08.2016;574,32
19.08.2016;575,63
20.08.2016;581,7
21.08.2016;581,31
22.08.2016;586,75
23.08.2016;583,41
24.08.2016;580,18
25.08.2016;577,76
26.08.2016;579,65
27.08.2016;569,95
28.08.2016;573,91
29.08.2016;574,11
30.08.2016;577,5
31.08.2016;575,47
01.09.2016;572,3
02.09.2016;575,54
03.09.2016;598,21
04.09.2016;608,63
05.09.2016;606,59
06.09.2016;610,44
07.09.2016;614,54
08.09.2016;626,32
09.09.2016;622,86
10.09.2016;623,51
11.09.2016;606,72
12.09.2016;608,24
13.09.2016;609,24
14.09.2016;610,68
15.09.2016;607,15
16.09.2016;606,97
17.09.2016;605,98
18.09.2016;609,87
19.09.2016;609,23
20.09.2016;608,31
21.09.2016;597,15
22.09.2016;596,3
23.09.2016;602,84
24.09.2016;602,63
25.09.2016;600,83
26.09.2016;608,04
27.09.2016;606,17
28.09.2016;604,73
29.09.2016;605,69
30.09.2016;609,74
01.10.2016;613,98
02.10.2016;610,89
03.10.2016;612,13
04.10.2016;610,2
05.10.2016;612,51
06.10.2016;613,02
07.10.2016;617,12
08.10.2016;619,11
09.10.2016;616,75
10.10.2016;618,99
11.10.2016;641,07
12.10.2016;636,19
13.10.2016;636,79
14.10.2016;640,38
15.10.2016;638,65
16.10.2016;641,63
17.10.2016;639,19
18.10.2016;637,96
19.10.2016;630,52
20.10.2016;630,86
21.10.2016;632,83
22.10.2016;657,29
23.10.2016;657,07
24.10.2016;653,76
25.10.2016;657,59
26.10.2016;678,3
27.10.2016;688,31
28.10.2016;689,65
29.10.2016;714,48
30.10.2016;701,86
31.10.2016;700,97
01.11.2016;729,79
02.11.2016;740,83
03.11.2016;688,7
04.11.2016;703,24
05.11.2016;703,42
06.11.2016;711,52
07.11.2016;703,13
08.11.2016;709,85
09.11.2016;723,27
10.11.2016;715,53
11.11.2016;716,41
12.11.2016;705,05
13.11.2016;702,03
14.11.2016;705,02
15.11.2016;711,62
16.11.2016;744,2
17.11.2016;740,98
18.11.2016;751,59
19.11.2016;751,62
20.11.2016;731,03
21.11.2016;739,25
22.11.2016;751,35
23.11.2016;744,59
24.11.2016;740,29
25.11.2016;741,65
26.11.2016;735,38
27.11.2016;732,03
28.11.2016;735,81
29.11.2016;735,6
30.11.2016;745,69
01.12.2016;756,77
02.12.2016;777,94
03.12.2016;771,15
04.12.2016;773,87
05.12.2016;758,7
06.12.2016;764,22
07.12.2016;768,13
08.12.2016;770,81
09.12.2016;772,79
10.12.2016;774,65
11.12.2016;769,73
12.12.2016;780,09
13.12.2016;780,56
14.12.2016;781,48
15.12.2016;778,09
16.12.2016;784,91
17.12.2016;790,83
18.12.2016;790,53
19.12.2016;792,71
20.12.2016;800,88
21.12.2016;834,28
22.12.2016;864,54
23.12.2016;921,98
24.12.2016;898,82
25.12.2016;896,18
26.12.2016;907,61
27.12.2016;933,2
28.12.2016;975,92
29.12.2016;973,5
30.12.2016;961,24
31.12.2016;963,74
01.01.2017;998,33
02.01.2017;1 021,75
03.01.2017;1 043,84
04.01.2017;1 154,73
05.01.2017;1 013,38
06.01.2017;902,2
07.01.2017;908,59
08.01.2017;911,2
09.01.2017;902,83
10.01.2017;907,68
11.01.2017;777,76
12.01.2017;804,83
13.01.2017;823,98
14.01.2017;818,41
15.01.2017;821,8
16.01.2017;831,53
17.01.2017;907,94
18.01.2017;886,62
19.01.2017;899,07
20.01.2017;895,03
21.01.2017;921,79
22.01.2017;924,67
23.01.2017;921,01
24.01.2017;892,69
25.01.2017;901,54
26.01.2017;917,59
27.01.2017;919,75
28.01.2017;921,59
29.01.2017;919,5
30.01.2017;920,38
31.01.2017;970,4
01.02.2017;989,02
02.02.2017;1 011,80
03.02.2017;1 029,91
04.02.2017;1 042,90
05.02.2017;1 027,34
06.02.2017;1 038,15
07.02.2017;1 061,35
08.02.2017;1 063,07
09.02.2017;994,38
10.02.2017;988,67
11.02.2017;1 004,45
12.02.2017;999,18
13.02.2017;990,64
14.02.2017;1 004,55
15.02.2017;1 007,48
16.02.2017;1 027,44
17.02.2017;1 046,21
18.02.2017;1 054,42
19.02.2017;1 047,87
20.02.2017;1 079,98
21.02.2017;1 115,30
22.02.2017;1 117,44
23.02.2017;1 166,72
24.02.2017;1 173,68
25.02.2017;1 143,84
26.02.2017;1 165,20
27.02.2017;1 179,97
28.02.2017;1 179,97
01.03.2017;1 222,50
02.03.2017;1 251,01
03.03.2017;1 274,99
04.03.2017;1 255,15
05.03.2017;1 267,12
06.03.2017;1 272,83
07.03.2017;1 223,54
08.03.2017;1 150,00
09.03.2017;1 188,49
10.03.2017;1 116,72
11.03.2017;1 175,83
12.03.2017;1 221,38
13.03.2017;1 231,92
14.03.2017;1 240,00
15.03.2017;1 249,61
16.03.2017;1 187,81
17.03.2017;1 100,23
18.03.2017;973,82
19.03.2017;1 036,74
20.03.2017;1 054,23
21.03.2017;1 120,54
22.03.2017;1 049,14
23.03.2017;1 038,59
24.03.2017;937,52
25.03.2017;972,78
26.03.2017;966,73
27.03.2017;1 045,77
28.03.2017;1 047,15
29.03.2017;1 039,97
30.03.2017;1 026,43
31.03.2017;1 071,79
01.04.2017;1 080,50
02.04.2017;1 102,17
03.04.2017;1 143,81
04.04.2017;1 133,25
05.04.2017;1 124,78
06.04.2017;1 182,68
07.04.2017;1 176,90
08.04.2017;1 175,95
09.04.2017;1 187,87
10.04.2017;1 187,13
11.04.2017;1 205,01
12.04.2017;1 200,37
13.04.2017;1 169,28
14.04.2017;1 167,54
15.04.2017;1 172,52
16.04.2017;1 182,94
17.04.2017;1 193,91
18.04.2017;1 211,67
19.04.2017;1 210,29
20.04.2017;1 229,08
21.04.2017;1 222,05
22.04.2017;1 231,71
23.04.2017;1 207,21
24.04.2017;1 250,15
25.04.2017;1 265,49
26.04.2017;1 281,08
27.04.2017;1 317,73
28.04.2017;1 316,48
29.04.2017;1 321,79
30.04.2017;1 347,89
01.05.2017;1 421,60
02.05.2017;1 452,82
03.05.2017;1 490,09
04.05.2017;1 537,67
05.05.2017;1 555,45
06.05.2017;1 578,80
07.05.2017;1 596,71
08.05.2017;1 723,35
09.05.2017;1 755,36
10.05.2017;1 787,13
11.05.2017;1 848,57
12.05.2017;1 724,24
13.05.2017;1 804,91
14.05.2017;1 808,91
15.05.2017;1 738,43
16.05.2017;1 734,45
17.05.2017;1 839,09
18.05.2017;1 888,65
19.05.2017;1 987,71
20.05.2017;2 084,73
21.05.2017;2 041,20
22.05.2017;2 173,40
23.05.2017;2 320,42
24.05.2017;2 443,64
25.05.2017;2 304,98
26.05.2017;2 202,42
27.05.2017;2 038,87
28.05.2017;2 155,80
29.05.2017;2 255,61
30.05.2017;2 175,47
31.05.2017;2 286,41
01.06.2017;2 407,88
02.06.2017;2 488,55
03.06.2017;2 515,35
04.06.2017;2 511,81
05.06.2017;2 686,81
06.06.2017;2 863,20
07.06.2017;2 732,16
08.06.2017;2 805,62
09.06.2017;2 823,81
10.06.2017;2 947,71
11.06.2017;2 958,11
12.06.2017;2 659,63
13.06.2017;2 717,02
14.06.2017;2 506,37
15.06.2017;2 464,58
16.06.2017;2 518,56
17.06.2017;2 655,88
18.06.2017;2 548,29
19.06.2017;2 589,60
20.06.2017;2 721,79
21.06.2017;2 689,10
22.06.2017;2 705,41
23.06.2017;2 744,91
24.06.2017;2 608,72
25.06.2017;2 589,41
26.06.2017;2 478,45
27.06.2017;2 552,45
28.06.2017;2 574,79
29.06.2017;2 539,32
30.06.2017;2 480,84
01.07.2017;2 434,55
02.07.2017;2 506,47
03.07.2017;2 564,06
04.07.2017;2 601,64
05.07.2017;2 601,99
06.07.2017;2 608,56
07.07.2017;2 518,66
08.07.2017;2 571,34
09.07.2017;2 518,44
10.07.2017;2 372,56
11.07.2017;2 337,79
12.07.2017;2 398,84
13.07.2017;2 357,90
14.07.2017;2 233,34
15.07.2017;1 998,86
16.07.2017;1 929,82
17.07.2017;2 228,41
18.07.2017;2 318,88
19.07.2017;2 273,43
20.07.2017;2 817,60
21.07.2017;2 667,76
22.07.2017;2 810,12
23.07.2017;2 730,40
24.07.2017;2 754,86
25.07.2017;2 576,48
26.07.2017;2 529,45
27.07.2017;2 671,78
28.07.2017;2 809,01
29.07.2017;2 726,45
30.07.2017;2 757,18
31.07.2017;2 875,34
01.08.2017;2 718,26
02.08.2017;2 710,67
03.08.2017;2 804,73
04.08.2017;2 895,89
05.08.2017;3 252,91
06.08.2017;3 213,94
07.08.2017;3 378,94
08.08.2017;3 419,94
09.08.2017;3 342,47
10.08.2017;3 381,28
11.08.2017;3 650,62
12.08.2017;3 884,71
13.08.2017;4 073,26
14.08.2017;4 325,13
15.08.2017;4 181,93
16.08.2017;4 376,63
17.08.2017;4 331,69
18.08.2017;4 160,62
19.08.2017;4 193,70
20.08.2017;4 087,66
21.08.2017;4 001,74
22.08.2017;4 100,52
23.08.2017;4 151,52
24.08.2017;4 334,68
25.08.2017;4 371,60
26.08.2017;4 352,40
27.08.2017;4 382,88
28.08.2017;4 382,66
29.08.2017;4 579,02
30.08.2017;4 565,30
31.08.2017;4 703,39
01.09.2017;4 892,01
02.09.2017;4 578,77
03.09.2017;4 582,96
04.09.2017;4 236,31
05.09.2017;4 376,53
06.09.2017;4 597,12
07.09.2017;4 613,50
08.09.2017;4 305,80
09.09.2017;4 317,90
10.09.2017;4 232,10
11.09.2017;4 203,00
12.09.2017;4 142,90
13.09.2017;3 849,70
14.09.2017;3 238,10
15.09.2017;3 698,00
16.09.2017;3 685,40
17.09.2017;3 666,30
18.09.2017;4 084,10
19.09.2017;3 900,00
20.09.2017;3 873,20
21.09.2017;3 603,40
22.09.2017;3 598,50
23.09.2017;3 779,60
24.09.2017;3 652,80
25.09.2017;3 930,00
26.09.2017;3 879,10
27.09.2017;4 205,40
28.09.2017;4 190,00
29.09.2017;4 169,90
30.09.2017;4 367,00
01.10.2017;4 403,74
02.10.2017;4 409,32
03.10.2017;4 317,48
04.10.2017;4 229,36
05.10.2017;4 328,41
06.10.2017;4 370,81
07.10.2017;4 426,89
08.10.2017;4 610,48
09.10.2017;4 772,02
10.10.2017;4 781,99
11.10.2017;4 826,48
12.10.2017;5 446,91
13.10.2017;5 647,21
14.10.2017;5 831,79
15.10.2017;5 678,19
16.10.2017;5 725,59
17.10.2017;5 605,51
18.10.2017;5 590,69
19.10.2017;5 708,52
20.10.2017;6 011,45
21.10.2017;6 031,60
22.10.2017;6 008,42
23.10.2017;5 930,32
24.10.2017;5 526,64
25.10.2017;5 750,80
26.10.2017;5 904,83
27.10.2017;5 780,90
28.10.2017;5 753,09
29.10.2017;6 153,85
30.10.2017;6 130,53
31.10.2017;6 468,40
01.11.2017;6 767,31
02.11.2017;7 078,50
03.11.2017;7 207,76
04.11.2017;7 379,95
05.11.2017;7 407,41
06.11.2017;7 022,76
07.11.2017;7 144,38
08.11.2017;7 459,69
09.11.2017;7 143,58
10.11.2017;6 618,14
11.11.2017;6 357,60
12.11.2017;5 950,07
13.11.2017;6 559,49
14.11.2017;6 635,75
15.11.2017;7 315,54
16.11.2017;7 871,69
17.11.2017;7 708,99
18.11.2017;7 790,15
19.11.2017;8 036,49
20.11.2017;8 200,64
21.11.2017;8 071,26
22.11.2017;8 253,55
23.11.2017;8 038,77
24.11.2017;8 253,69
25.11.2017;8 790,92
26.11.2017;9 330,55
27.11.2017;9 818,35
28.11.2017;10 058,80
29.11.2017;9 888,61
30.11.2017;10 233,60
01.12.2017;10 975,60
02.12.2017;11 074,60
03.12.2017;11 323,20
04.12.2017;11 657,20
05.12.2017;11 916,70
06.12.2017;14 291,50
07.12.2017;17 899,70
08.12.2017;16 569,40
09.12.2017;15 178,20
10.12.2017;15 455,40
11.12.2017;16 936,80
12.12.2017;17 415,40
13.12.2017;16 408,20
14.12.2017;16 564,00
15.12.2017;17 706,90
16.12.2017;19 497,40
17.12.2017;19 140,80
18.12.2017;19 114,20
19.12.2017;17 776,70
20.12.2017;16 624,60
21.12.2017;15 802,90
22.12.2017;13 831,80
23.12.2017;14 699,20
24.12.2017;13 925,80
25.12.2017;14 026,60
26.12.2017;16 099,80
27.12.2017;15 838,50
28.12.2017;14 606,50
29.12.2017;14 656,20
30.12.2017;12 952,20
31.12.2017;14 156,40
01.01.2018;13 657,20
02.01.2018;14 982,10
03.01.2018;15 201,00
04.01.2018;15 599,20
05.01.2018;17 429,50
06.01.2018;17 527,00
07.01.2018;16 477,60
08.01.2018;15 170,10
09.01.2018;14 595,40
10.01.2018;14 973,30
11.01.2018;13 405,80
12.01.2018;13 980,60
13.01.2018;14 360,20
14.01.2018;13 772,00
15.01.2018;13 819,80
16.01.2018;11 490,50
17.01.2018;11 188,60
18.01.2018;11 474,90
19.01.2018;11 607,40
20.01.2018;12 899,20
21.01.2018;11 600,10
22.01.2018;10 931,40
23.01.2018;10 868,40
24.01.2018;11 359,40
25.01.2018;11 259,40
26.01.2018;11 171,40
27.01.2018;11 440,70
28.01.2018;11 786,30
29.01.2018;11 296,40
30.01.2018;10 106,30
31.01.2018;10 221,10
01.02.2018;9 170,54
02.02.2018;8 830,75
03.02.2018;9 174,91
04.02.2018;8 277,01
05.02.2018;6 955,27
06.02.2018;7 754,00
07.02.2018;7 621,30
08.02.2018;8 265,59
09.02.2018;8 736,98
10.02.2018;8 621,90
11.02.2018;8 129,97
12.02.2018;8 926,57
13.02.2018;8 598,31
14.02.2018;9 494,63
15.02.2018;10 166,40
16.02.2018;10 233,90
17.02.2018;11 112,70
18.02.2018;10 551,80
19.02.2018;11 225,30
20.02.2018;11 403,70
21.02.2018;10 690,40
22.02.2018;10 005,00
23.02.2018;10 301,10
24.02.2018;9 813,07
25.02.2018;9 664,73
26.02.2018;10 366,70
27.02.2018;10 725,60
28.02.2018;10 397,90
01.03.2018;10 951,00
02.03.2018;11 086,40
03.03.2018;11 489,70
04.03.2018;11 512,60
05.03.2018;11 573,30
06.03.2018;10 779,90
07.03.2018;9 965,57
08.03.2018;9 395,01
09.03.2018;9 337,55
10.03.2018;8 866,00
11.03.2018;9 578,63
12.03.2018;9 205,12
13.03.2018;9 194,85
14.03.2018;8 269,81
15.03.2018;8 300,86
16.03.2018;8 338,35
17.03.2018;7 916,88
18.03.2018;8 223,68
19.03.2018;8 630,65
20.03.2018;8 913,47
21.03.2018;8 929,28
22.03.2018;8 728,47
23.03.2018;8 879,62
24.03.2018;8 668,12
25.03.2018;8 495,78
26.03.2018;8 209,40
27.03.2018;7 833,04
28.03.2018;7 954,48
29.03.2018;7 165,70
30.03.2018;6 890,52
31.03.2018;6 973,53
01.04.2018;6 844,23
02.04.2018;7 083,80
03.04.2018;7 456,11
04.04.2018;6 853,84
05.04.2018;6 811,47
06.04.2018;6 636,32
07.04.2018;6 911,09
08.04.2018;7 023,52
09.04.2018;6 770,73
10.04.2018;6 834,76
11.04.2018;6 968,32
12.04.2018;7 889,25
13.04.2018;7 895,96
14.04.2018;7 986,24
15.04.2018;8 329,11
16.04.2018;8 058,67
17.04.2018;7 902,09
18.04.2018;8 163,42
19.04.2018;8 294,31
20.04.2018;8 845,83
21.04.2018;8 895,58
22.04.2018;8 802,46
23.04.2018;8 930,88
24.04.2018;9 697,50
25.04.2018;8 845,74
26.04.2018;9 281,51
27.04.2018;8 987,05
28.04.2018;9 348,48
29.04.2018;9 419,08
30.04.2018;9 240,55
01.05.2018;9 119,01
02.05.2018;9 235,92
03.05.2018;9 743,86
04.05.2018;9 700,76
05.05.2018;9 858,15
06.05.2018;9 654,80
07.05.2018;9 373,01
08.05.2018;9 234,82
09.05.2018;9 325,18
10.05.2018;9 043,94
11.05.2018;8 441,49
12.05.2018;8 504,89
13.05.2018;8 723,94
14.05.2018;8 716,79
15.05.2018;8 510,38
16.05.2018;8 368,83
17.05.2018;8 094,32
18.05.2018;8 250,97
19.05.2018;8 247,18
20.05.2018;8 513,25
21.05.2018;8 418,99
22.05.2018;8 041,78
23.05.2018;7 557,82
24.05.2018;7 587,34
25.05.2018;7 480,14
26.05.2018;7 355,88
27.05.2018;7 368,22
28.05.2018;7 135,99
29.05.2018;7 472,59
30.05.2018;7 406,52
31.05.2018;7 494,17
01.06.2018;7 541,45
02.06.2018;7 643,45
03.06.2018;7 720,25
04.06.2018;7 514,47
05.06.2018;7 633,76
06.06.2018;7 653,98
07.06.2018;7 678,24
08.06.2018;7 624,92
09.06.2018;7 531,98
10.06.2018;6 786,02
11.06.2018;6 906,92
12.06.2018;6 582,36
13.06.2018;6 349,90
14.06.2018;6 675,35
15.06.2018;6 456,58
16.06.2018;6 550,16
17.06.2018;6 499,27
18.06.2018;6 734,82
19.06.2018;6 769,94
20.06.2018;6 776,55
21.06.2018;6 729,74
22.06.2018;6 083,69
23.06.2018;6 162,48
24.06.2018;6 173,23
25.06.2018;6 249,18
26.06.2018;6 093,67
27.06.2018;6 157,13
28.06.2018;5 903,44
29.06.2018;6 218,30
30.06.2018;6 404,00
01.07.2018;6 385,82
02.07.2018;6 614,18
03.07.2018;6 529,59
04.07.2018;6 597,55
05.07.2018;6 639,14
06.07.2018;6 673,50
07.07.2018;6 856,93
08.07.2018;6 773,88
09.07.2018;6 741,75
10.07.2018;6 329,95
11.07.2018;6 394,71
12.07.2018;6 228,81
13.07.2018;6 238,05
14.07.2018;6 276,12
15.07.2018;6 359,64
16.07.2018;6 741,75
17.07.2018;7 321,04
18.07.2018;7 370,78
19.07.2018;7 466,86
20.07.2018;7 354,13
21.07.2018;7 419,29
22.07.2018;7 418,49
23.07.2018;7 711,11
24.07.2018;8 424,27
25.07.2018;8 181,39
26.07.2018;7 951,58
27.07.2018;8 165,01
28.07.2018;8 192,15
29.07.2018;8 218,46
30.07.2018;8 180,48
31.07.2018;7 780,44
01.08.2018;7 624,91
02.08.2018;7 567,15
03.08.2018;7 434,39
04.08.2018;7 032,85
05.08.2018;7 068,48
06.08.2018;6 951,80
07.08.2018;6 753,12
08.08.2018;6 305,80
09.08.2018;6 568,23
10.08.2018;6 184,71
11.08.2018;6 295,73
12.08.2018;6 322,69
13.08.2018;6 297,57
14.08.2018;6 199,71
15.08.2018;6 308,52
16.08.2018;6 334,73
17.08.2018;6 580,63
18.08.2018;6 423,76
19.08.2018;6 506,07
20.08.2018;6 308,53
21.08.2018;6 488,76
22.08.2018;6 376,71
23.08.2018;6 534,88
24.08.2018;6 719,96
25.08.2018;6 763,19
26.08.2018;6 707,26
27.08.2018;6 884,64
28.08.2018;7 096,28
29.08.2018;7 047,16
30.08.2018;6 978,23
31.08.2018;7 037,58
01.09.2018;7 193,25
02.09.2018;7 272,72
03.09.2018;7 260,06
04.09.2018;7 361,66
05.09.2018;6 792,83
06.09.2018;6 529,17
07.09.2018;6 467,07
08.09.2018;6 225,98
09.09.2018;6 300,86
10.09.2018;6 329,70
11.09.2018;6 321,20
12.09.2018;6 351,80
13.09.2018;6 517,31
14.09.2018;6 512,71
15.09.2018;6 543,20
16.09.2018;6 517,18
17.09.2018;6 281,20
18.09.2018;6 371,30
19.09.2018;6 398,54
20.09.2018;6 519,67
21.09.2018;6 734,95
22.09.2018;6 721,98
23.09.2018;6 710,63
24.09.2018;6 595,41
25.09.2018;6 446,47
26.09.2018;6 495,00
27.09.2018;6 676,75
28.09.2018;6 644,13
29.09.2018;6 601,96
30.09.2018;6 625,56
01.10.2018;6 589,62
02.10.2018;6 556,10
03.10.2018;6 502,59
04.10.2018;6 576,69
05.10.2018;6 622,48
06.10.2018;6 588,31
07.10.2018;6 602,95
08.10.2018;6 652,23
09.10.2018;6 642,64
10.10.2018;6 585,53
11.10.2018;6 256,24
12.10.2018;6 274,58
13.10.2018;6 285,99
14.10.2018;6 290,93
15.10.2018;6 596,54
16.10.2018;6 596,11
17.10.2018;6 544,43
18.10.2018;6 476,71
19.10.2018;6 465,41
20.10.2018;6 489,19
21.10.2018;6 482,35
22.10.2018;6 487,16
23.10.2018;6 475,74
24.10.2018;6 495,84
25.10.2018;6 476,29
26.10.2018;6 474,75
27.10.2018;6 480,38
28.10.2018;6 486,39
29.10.2018;6 332,63
30.10.2018;6 334,27
31.10.2018;6 317,61
01.11.2018;6 377,78
02.11.2018;6 388,44
03.11.2018;6 361,26
04.11.2018;6 376,13
05.11.2018;6 419,66
06.11.2018;6 461,01
07.11.2018;6 530,14
08.11.2018;6 453,72
09.11.2018;6 385,62
10.11.2018;6 409,22
11.11.2018;6 411,27
12.11.2018;6 371,27
13.11.2018;6 359,49
14.11.2018;5 738,35
15.11.2018;5 648,03
16.11.2018;5 575,55
17.11.2018;5 554,33
18.11.2018;5 623,54
19.11.2018;4 871,49
20.11.2018;4 451,87
21.11.2018;4 602,17
22.11.2018;4 365,94
23.11.2018;4 347,11
24.11.2018;3 880,76
25.11.2018;4 009,97
26.11.2018;3 779,13
27.11.2018;3 820,72
28.11.2018;4 257,42
29.11.2018;4 278,85
30.11.2018;4 017,27
01.12.2018;4 214,67
02.12.2018;4 139,88
03.12.2018;3 894,13
04.12.2018;3 956,89
05.12.2018;3 753,99
06.12.2018;3 521,10
07.12.2018;3 419,94
08.12.2018;3 476,11
09.12.2018;3 614,23
10.12.2018;3 502,66
11.12.2018;3 424,59
12.12.2018;3 486,95
13.12.2018;3 313,68
14.12.2018;3 242,48
15.12.2018;3 236,76
16.12.2018;3 252,84
17.12.2018;3 545,86
18.12.2018;3 696,06
19.12.2018;3 745,95
20.12.2018;4 134,44
21.12.2018;3 896,54
22.12.2018;4 014,18
23.12.2018;3 998,98
24.12.2018;4 078,60
25.12.2018;3 815,49
26.12.2018;3 857,30
27.12.2018;3 654,83
28.12.2018;3 923,92
29.12.2018;3 820,41
30.12.2018;3 865,95
31.12.2018;3 742,70
01.01.2019;3 843,52
02.01.2019;3 943,41
03.01.2019;3 836,74
04.01.2019;3 857,72
05.01.2019;3 845,19
06.01.2019;4 076,63
07.01.2019;4 025,25
08.01.2019;4 030,85
09.01.2019;4 035,30
10.01.2019;3 678,92
11.01.2019;3 687,37
12.01.2019;3 661,30
13.01.2019;3 552,95
14.01.2019;3 706,05
15.01.2019;3 630,68
16.01.2019;3 655,01
17.01.2019;3 678,56
18.01.2019;3 657,84
19.01.2019;3 728,57
20.01.2019;3 601,01
21.01.2019;3 576,03
22.01.2019;3 604,58
23.01.2019;3 585,12
24.01.2019;3 600,87
25.01.2019;3 599,77
26.01.2019;3 602,46
27.01.2019;3 605,20
28.01.2019;3 470,45
29.01.2019;3 448,12
30.01.2019;3 486,18
31.01.2019;3 457,79
01.02.2019;3 487,95
02.02.2019;3 521,06
03.02.2019;3 464,01
04.02.2019;3 459,15
05.02.2019;3 466,36
06.02.2019;3 413,77
07.02.2019;3 399,47
08.02.2019;3 666,78
09.02.2019;3 671,20
10.02.2019;3 690,19
11.02.2019;3 659,45
12.02.2019;3 653,53
13.02.2019;3 632,07
14.02.2019;3 616,88
15.02.2019;3 620,81
16.02.2019;3 629,79
17.02.2019;3 673,84
18.02.2019;3 915,71
19.02.2019;3 947,09
20.02.2019;3 999,82
21.02.2019;3 954,12
22.02.2019;4 005,53
23.02.2019;4 142,53
24.02.2019;3 810,43
25.02.2019;3 882,70
26.02.2019;3 854,36
27.02.2019;3 851,05
28.02.2019;3 854,79
01.03.2019;3 859,58
02.03.2019;3 864,42
03.03.2019;3 847,18
04.03.2019;3 761,56
05.03.2019;3 896,38
06.03.2019;3 903,94
07.03.2019;3 911,48
08.03.2019;3 901,13
09.03.2019;3 963,31
10.03.2019;3 951,60
11.03.2019;3 905,23
12.03.2019;3 909,16
13.03.2019;3 906,72
14.03.2019;3 924,37
15.03.2019;3 960,91
16.03.2019;4 048,73
17.03.2019;4 025,23
18.03.2019;4 032,51
19.03.2019;4 071,19
20.03.2019;4 087,48
21.03.2019;4 029,33
22.03.2019;4 023,97
23.03.2019;4 035,83
24.03.2019;4 022,17
25.03.2019;3 963,07
26.03.2019;3 985,08
27.03.2019;4 087,07
28.03.2019;4 069,11
29.03.2019;4 098,37
30.03.2019;4 106,66
31.03.2019;4 105,40
01.04.2019;4 158,18
02.04.2019;4 879,88
03.04.2019;4 973,02
04.04.2019;4 922,80
05.04.2019;5 036,68
06.04.2019;5 059,82
07.04.2019;5 198,90
08.04.2019;5 289,77
09.04.2019;5 204,96
10.04.2019;5 324,55
11.04.2019;5 064,49
12.04.2019;5 089,54
13.04.2019;5 096,59
14.04.2019;5 167,72
15.04.2019;5 067,11
16.04.2019;5 235,56
17.04.2019;5 251,94
18.04.2019;5 298,39
19.04.2019;5 303,81
20.04.2019;5 337,89
21.04.2019;5 314,53
22.04.2019;5 399,37
23.04.2019;5 572,36
24.04.2019;5 464,87
25.04.2019;5 210,52
26.04.2019;5 279,35
27.04.2019;5 268,29
28.04.2019;5 285,14
29.04.2019;5 247,35
30.04.2019;5 350,73
01.05.2019;5 402,70
02.05.2019;5 505,28
03.05.2019;5 768,29
04.05.2019;5 831,17
05.05.2019;5 795,71
06.05.2019;5 746,81
07.05.2019;5 829,50
08.05.2019;5 982,46
09.05.2019;6 174,53
10.05.2019;6 378,85
11.05.2019;7 204,77
12.05.2019;6 972,37
13.05.2019;7 814,92
14.05.2019;7 994,42
15.05.2019;8 205,17
16.05.2019;7 884,91
17.05.2019;7 343,90
18.05.2019;7 271,21
19.05.2019;8 197,69
20.05.2019;7 978,31
21.05.2019;7 963,33
22.05.2019;7 680,07
23.05.2019;7 881,85
24.05.2019;7 987,37
25.05.2019;8 052,54
26.05.2019;8 673,22
27.05.2019;8 805,78
28.05.2019;8 719,96
29.05.2019;8 659,49
30.05.2019;8 319,47
31.05.2019;8 574,50
01.06.2019;8 564,02
02.06.2019;8 742,96
03.06.2019;8 208,99
04.06.2019;7 707,77
05.06.2019;7 824,23
06.06.2019;7 822,02
07.06.2019;8 043,95
08.06.2019;7 954,13
09.06.2019;7 688,08
10.06.2019;8 000,33
11.06.2019;7 927,71
12.06.2019;8 145,86
13.06.2019;8 230,92
14.06.2019;8 693,83
15.06.2019;8 838,38
16.06.2019;8 994,49
17.06.2019;9 320,35
18.06.2019;9 081,76
19.06.2019;9 273,52
20.06.2019;9 527,16
21.06.2019;10 144,56
22.06.2019;10 701,69
23.06.2019;10 855,37
24.06.2019;11 011,10
25.06.2019;11 790,92
26.06.2019;13 016,23
27.06.2019;11 182,81
28.06.2019;12 407,33
29.06.2019;11 959,37
30.06.2019;10 817,16
01.07.2019;10 583,13
02.07.2019;10 801,68
03.07.2019;11 961,27
04.07.2019;11 215,44
05.07.2019;10 978,46
06.07.2019;11 208,55
07.07.2019;11 450,85
08.07.2019;12 285,96
09.07.2019;12 573,81
10.07.2019;12 156,51
11.07.2019;11 358,66
12.07.2019;11 815,99
13.07.2019;11 392,38
14.07.2019;10 256,06
15.07.2019;10 895,09
16.07.2019;9 477,64
17.07.2019;9 693,80
18.07.2019;10 666,48
19.07.2019;10 530,73
20.07.2019;10 767,14
21.07.2019;10 599,11
22.07.2019;10 343,11
23.07.2019;9 900,77
24.07.2019;9 811,93
25.07.2019;9 911,84
26.07.2019;9 870,30
27.07.2019;9 477,68
28.07.2019;9 552,86
29.07.2019;9 519,15
30.07.2019;9 607,42
31.07.2019;10 085,63
01.08.2019;10 399,67
02.08.2019;10 518,17
03.08.2019;10 821,73
04.08.2019;10 970,18
05.08.2019;11 805,65
06.08.2019;11 478,17
07.08.2019;11 941,97
08.08.2019;11 966,41
09.08.2019;11 862,94
10.08.2019;11 354,02
11.08.2019;11 523,58
12.08.2019;11 382,62
13.08.2019;10 895,83
14.08.2019;10 051,70
15.08.2019;10 311,55
16.08.2019;10 374,34
17.08.2019;10 231,74
18.08.2019;10 345,81
19.08.2019;10 916,05
20.08.2019;10 763,23
21.08.2019;10 138,05
22.08.2019;10 131,06
23.08.2019;10 407,97
24.08.2019;10 159,96
25.08.2019;10 138,52
26.08.2019;10 370,82
27.08.2019;10 185,50
28.08.2019;9 754,42
29.08.2019;9 510,20
30.08.2019;9 598,17
31.08.2019;9 630,66
01.09.2019;9 757,97
02.09.2019;10 346,76
03.09.2019;10 623,54
04.09.2019;10 594,49
05.09.2019;10 575,53
06.09.2019;10 353,30
07.09.2019;10 517,25
08.09.2019;10 441,28
09.09.2019;10 334,97
10.09.2019;10 115,98
11.09.2019;10 178,37
12.09.2019;10 410,13
13.09.2019;10 360,55
14.09.2019;10 358,05
15.09.2019;10 347,71
16.09.2019;10 276,79
17.09.2019;10 241,27
18.09.2019;10 198,25
19.09.2019;10 266,41
20.09.2019;10 181,64
21.09.2019;10 019,72
22.09.2019;10 070,39
23.09.2019;9 857,38
24.09.2019;9 747,47
25.09.2019;8 486,99
26.09.2019;8 118,97
27.09.2019;8 251,85
28.09.2019;8 245,92
29.09.2019;8 104,19
30.09.2019;8 293,87
01.10.2019;8 343,28
02.10.2019;8 393,04
03.10.2019;8 259,99
04.10.2019;8 205,94
05.10.2019;8 151,50
06.10.2019;7 988,16
07.10.2019;8 245,62
08.10.2019;8 228,78
09.10.2019;8 595,74
10.10.2019;8 586,47
11.10.2019;8 321,76
12.10.2019;8 336,56
13.10.2019;8 321,01
14.10.2019;8 374,69
15.10.2019;8 205,37
16.10.2019;8 047,53
17.10.2019;8 103,91
18.10.2019;7 973,21
19.10.2019;7 988,56
20.10.2019;8 222,08
21.10.2019;8 243,72
22.10.2019;8 078,20
23.10.2019;7 514,67
24.10.2019;7 493,49
25.10.2019;8 660,70
26.10.2019;9 244,97
27.10.2019;9 551,71
28.10.2019;9 256,15
29.10.2019;9 427,69
30.10.2019;9 205,73
31.10.2019;9 199,58
01.11.2019;9 261,10
02.11.2019;9 324,72
03.11.2019;9 235,35
04.11.2019;9 412,61
05.11.2019;9 342,53
06.11.2019;9 360,88
07.11.2019;9 242,67
08.11.2019;8 842,05
09.11.2019;8 818,96
10.11.2019;9 052,40
11.11.2019;8 765,44
12.11.2019;8 777,96
13.11.2019;8 806,76
14.11.2019;8 708,99
15.11.2019;8 500,72
16.11.2019;8 533,65
17.11.2019;8 695,20
18.11.2019;8 284,09
19.11.2019;8 187,70
20.11.2019;8 048,12
21.11.2019;7 610,88
22.11.2019;7 366,07
23.11.2019;7 341,92
24.11.2019;7 090,01
25.11.2019;7 159,18
26.11.2019;7 190,52
27.11.2019;7 581,03
28.11.2019;7 654,18
29.11.2019;7 770,53
30.11.2019;7 528,23
01.12.2019;7 389,94
02.12.2019;7 317,27
03.12.2019;7 344,96
04.12.2019;7 453,35
05.12.2019;7 448,31
06.12.2019;7 547,00
07.12.2019;7 556,24
08.12.2019;7 564,35
09.12.2019;7 400,90
10.12.2019;7 278,12
11.12.2019;7 217,43
12.12.2019;7 243,13
13.12.2019;7 269,68
14.12.2019;7 124,67
15.12.2019;7 152,30
16.12.2019;6 932,48
17.12.2019;6 640,52
18.12.2019;7 276,80
19.12.2019;7 202,84
20.12.2019;7 218,82
21.12.2019;7 191,16
22.12.2019;7 511,59
23.12.2019;7 355,63
24.12.2019;7 322,53
25.12.2019;7 275,16
26.12.2019;7 238,97
27.12.2019;7 290,09
28.12.2019;7 317,99
29.12.2019;7 422,65
30.12.2019;7 293,00
31.12.2019;7 193,60
01.01.2020;7 200,17
02.01.2020;6 985,47
03.01.2020;7 344,88
04.01.2020;7 410,66
05.01.2020;7 411,32
06.01.2020;7 769,22
07.01.2020;8 163,69
08.01.2020;8 079,86
09.01.2020;7 879,07
10.01.2020;8 166,55
11.01.2020;8 037,54
12.01.2020;8 192,49
13.01.2020;8 144,19
14.01.2020;8 827,76
15.01.2020;8 807,01
16.01.2020;8 723,79
17.01.2020;8 929,04
18.01.2020;8 942,81
19.01.2020;8 706,25
20.01.2020;8 657,64
21.01.2020;8 745,89
22.01.2020;8 680,88
23.01.2020;8 406,52
24.01.2020;8 445,43
25.01.2020;8 367,85
26.01.2020;8 596,83
27.01.2020;8 909,82
28.01.2020;9 358,59
29.01.2020;9 316,63
30.01.2020;9 508,99
31.01.2020;9 350,53
01.02.2020;9 392,88
02.02.2020;9 344,37
03.02.2020;9 293,52
04.02.2020;9 180,96
05.02.2020;9 613,42
06.02.2020;9 729,80
07.02.2020;9 795,94
08.02.2020;9 865,12
09.02.2020;10 116,67
10.02.2020;9 856,61
11.02.2020;10 208,24
12.02.2020;10 326,05
13.02.2020;10 214,38
14.02.2020;10 312,12
15.02.2020;9 889,42
16.02.2020;9 934,43
17.02.2020;9 690,14
18.02.2020;10 142,00
19.02.2020;9 633,39
20.02.2020;9 608,48
21.02.2020;9 686,44
22.02.2020;9 663,18
23.02.2020;9 924,52
24.02.2020;9 650,17
25.02.2020;9 341,71
26.02.2020;8 820,52
27.02.2020;8 784,49
28.02.2020;8 672,46
29.02.2020;8 599,51
01.03.2020;8 562,45
02.03.2020;8 869,67
03.03.2020;8 787,79
04.03.2020;8 755,25
05.03.2020;9 078,76
06.03.2020;9 122,55
07.03.2020;8 909,95
08.03.2020;8 108,12
09.03.2020;7 923,64
10.03.2020;7 909,73
11.03.2020;7 911,43
12.03.2020;4 970,79
13.03.2020;5 563,71
14.03.2020;5 200,37
15.03.2020;5 392,31
16.03.2020;5 014,48
17.03.2020;5 225,63
18.03.2020;5 238,44
19.03.2020;6 191,19
20.03.2020;6 198,78
21.03.2020;6 185,07
22.03.2020;5 830,25
23.03.2020;6 416,31
24.03.2020;6 734,80
25.03.2020;6 681,06
26.03.2020;6 716,44
27.03.2020;6 469,80
28.03.2020;6 242,19
29.03.2020;5 922,04
30.03.2020;6 429,84
31.03.2020;6 438,64
01.04.2020;6 606,78
02.04.2020;6 793,62
03.04.2020;6 733,39
04.04.2020;6 867,53
05.04.2020;6 791,13
06.04.2020;7 271,78
07.04.2020;7 176,41
08.04.2020;7 334,10
09.04.2020;7 302,09
10.04.2020;6 865,49
11.04.2020;6 859,08
12.04.2020;6 971,09
13.04.2020;6 845,04
14.04.2020;6 842,43
15.04.2020;6 642,11
16.04.2020;7 116,80
17.04.2020;7 096,18
18.04.2020;7 257,66
19.04.2020;7 189,42
20.04.2020;6 881,96
21.04.2020;6 880,32
22.04.2020;7 117,21
23.04.2020;7 429,72
24.04.2020;7 550,90
25.04.2020;7 569,94
26.04.2020;7 679,87
27.04.2020;7 795,60
28.04.2020;7 807,06
29.04.2020;8 801,04
30.04.2020;8 658,55
01.05.2020;8 864,77
02.05.2020;8 988,60
03.05.2020;8 897,47
04.05.2020;8 912,65
05.05.2020;9 003,07
06.05.2020;9 268,76
07.05.2020;9 951,52
08.05.2020;9 842,67
09.05.2020;9 593,90
10.05.2020;8 756,43
11.05.2020;8 601,80
12.05.2020;8 804,48
13.05.2020;9 269,99
14.05.2020;9 733,72
15.05.2020;9 328,20
16.05.2020;9 377,01
17.05.2020;9 670,74
18.05.2020;9 726,57
19.05.2020;9 729,04
20.05.2020;9 522,98
21.05.2020;9 081,76
22.05.2020;9 182,58
23.05.2020;9 209,29
24.05.2020;8 790,37
25.05.2020;8 906,93
26.05.2020;8 835,05
27.05.2020;9 181,02
28.05.2020;9 525,75
29.05.2020;9 439,12
30.05.2020;9 700,41
31.05.2020;9 461,06
01.06.2020;10 167,27
02.06.2020;9 529,80
03.06.2020;9 656,72
04.06.2020;9 800,64
05.06.2020;9 665,53
06.06.2020;9 653,68
07.06.2020;9 758,85
08.06.2020;9 771,49
09.06.2020;9 795,70
10.06.2020;9 870,09
11.06.2020;9 321,78
12.06.2020;9 480,84
13.06.2020;9 475,28
14.06.2020;9 386,79
15.06.2020;9 450,70
16.06.2020;9 538,02
17.06.2020;9 480,26
18.06.2020;9 411,84
19.06.2020;9 288,02
20.06.2020;9 332,34
21.06.2020;9 303,63
22.06.2020;9 648,72
23.06.2020;9 629,66
24.06.2020;9 313,61
25.06.2020;9 264,81
26.06.2020;9 162,92
27.06.2020;9 045,39
28.06.2020;9 143,58
29.06.2020;9 190,85
30.06.2020;9 137,99
01.07.2020;9 228,33
02.07.2020;9 123,41
03.07.2020;9 087,30
04.07.2020;9 132,49
05.07.2020;9 073,94
06.07.2020;9 375,47
07.07.2020;9 252,28
08.07.2020;9 428,33
09.07.2020;9 277,97
10.07.2020;9 278,81
11.07.2020;9 240,35
12.07.2020;9 276,50
13.07.2020;9 243,61
14.07.2020;9 243,21
15.07.2020;9 192,84
16.07.2020;9 132,23
17.07.2020;9 151,39
18.07.2020;9 159,04
19.07.2020;9 185,82
20.07.2020;9 164,23
21.07.2020;9 374,89
22.07.2020;9 525,36
23.07.2020;9 581,07
24.07.2020;9 536,89
25.07.2020;9 677,11
26.07.2020;9 905,17
27.07.2020;10 990,87
28.07.2020;10 912,82
29.07.2020;11 100,47
30.07.2020;11 111,21
31.07.2020;11 323,47
01.08.2020;11 759,59
02.08.2020;11 053,61
03.08.2020;11 246,35
04.08.2020;11 205,89
05.08.2020;11 747,02
06.08.2020;11 779,77
07.08.2020;11 601,47
08.08.2020;11 754,05
09.08.2020;11 675,74
10.08.2020;11 878,11
11.08.2020;11 410,53
12.08.2020;11 584,93
13.08.2020;11 784,14
14.08.2020;11 768,87
15.08.2020;11 865,70
16.08.2020;11 892,80
17.08.2020;12 254,40
18.08.2020;11 991,23
19.08.2020;11 758,28
20.08.2020;11 878,37
21.08.2020;11 592,49
22.08.2020;11 681,83
23.08.2020;11 664,85
24.08.2020;11 774,60
25.08.2020;11 366,14
26.08.2020;11 488,36
27.08.2020;11 323,40
28.08.2020;11 542,50
29.08.2020;11 506,87
30.08.2020;11 711,51
31.08.2020;11 680,82
01.09.2020;11 970,48
02.09.2020;11 414,03
03.09.2020;10 245,30
04.09.2020;10 511,81
05.09.2020;10 169,57
06.09.2020;10 280,35
07.09.2020;10 369,56
08.09.2020;10 131,52
09.09.2020;10 242,35
10.09.2020;10 319,06
11.09.2020;10 400,91
12.09.2020;10 442,17
13.09.2020;10 323,76
14.09.2020;10 680,84
15.09.2020;10 796,95
16.09.2020;10 974,90
17.09.2020;10 948,99
18.09.2020;10 944,59
19.09.2020;11 094,35
20.09.2020;10 938,27
21.09.2020;10 462,26
22.09.2020;10 538,46
23.09.2020;10 225,86
24.09.2020;10 745,55
25.09.2020;10 702,29
26.09.2020;10 724,98
27.09.2020;10 774,43
28.09.2020;10 721,33
29.09.2020;10 848,83
30.09.2020;10 787,62
01.10.2020;10 623,33
02.10.2020;10 555,82
03.10.2020;10 565,49
04.10.2020;10 661,05
05.10.2020;10 804,00
06.10.2020;10 546,10
07.10.2020;10 679,14
08.10.2020;10 923,63
09.10.2020;11 052,05
10.10.2020;11 296,36
11.10.2020;11 384,18
12.10.2020;11 555,36
13.10.2020;11 425,90
14.10.2020;11 429,51
15.10.2020;11 495,35
16.10.2020;11 322,12
17.10.2020;11 358,10
18.10.2020;11 483,36
19.10.2020;11 742,04
20.10.2020;11 916,34
21.10.2020;12 823,69
22.10.2020;12 965,89
23.10.2020;12 931,54
24.10.2020;13 108,06
25.10.2020;13 031,17
26.10.2020;13 075,25
27.10.2020;13 654,22
28.10.2020;13 271,29
29.10.2020;13 437,88
30.10.2020;13 546,52
31.10.2020;13 780,99
01.11.2020;13 737,11
02.11.2020;13 550,49
03.11.2020;13 731,21
04.11.2020;14 038,74
05.11.2020;15 091,65
06.11.2020;15 466,48
07.11.2020;14 836,46
08.11.2020;15 396,20
09.11.2020;15 448,51
10.11.2020;15 319,88
11.11.2020;15 692,02
12.11.2020;16 096,26
13.11.2020;16 190,28
14.11.2020;15 962,08
15.11.2020;15 856,73
16.11.2020;16 763,39
17.11.2020;17 646,10
18.11.2020;17 614,95
19.11.2020;17 959,28
20.11.2020;18 649,24
21.11.2020;18 614,76
22.11.2020;18 521,15
23.11.2020;18 359,64
24.11.2020;19 015,44
25.11.2020;18 834,53
26.11.2020;16 956,94
27.11.2020;17 119,25
28.11.2020;17 790,56
29.11.2020;18 185,56
30.11.2020;19 375,16
01.12.2020;18 942,19
02.12.2020;19 113,36
03.12.2020;19 342,80
04.12.2020;18 958,88
05.12.2020;19 087,21
06.12.2020;19 186,73
07.12.2020;19 032,73
08.12.2020;18 743,09
09.12.2020;18 298,67
10.12.2020;18 381,61
11.12.2020;17 968,36
12.12.2020;18 749,08
13.12.2020;19 143,97
14.12.2020;19 152,85
15.12.2020;19 520,37
16.12.2020;20 802,07
17.12.2020;22 452,52
18.12.2020;22 734,35
19.12.2020;23 874,47
20.12.2020;24 161,65
21.12.2020;22 850,53
22.12.2020;23 394,79
23.12.2020;23 487,66
24.12.2020;23 431,41
25.12.2020;24 443,28
26.12.2020;26 260,90
27.12.2020;26 366,63
28.12.2020;26 740,01
29.12.2020;26 898,76
30.12.2020;28 914,70
31.12.2020;28 961,54
01.01.2021;29 264,67
02.01.2021;31 777,47
03.01.2021;33 427,59
04.01.2021;31 446,14
05.01.2021;34 011,35
06.01.2021;35 671,91
07.01.2021;38 989,93
08.01.2021;39 218,84
09.01.2021;40 591,11
10.01.2021;37 546,29
11.01.2021;32 684,73
12.01.2021;34 162,11
13.01.2021;35 973,88
14.01.2021;39 634,15
15.01.2021;35 482,54
16.01.2021;36 671,50
17.01.2021;36 010,27
18.01.2021;36 240,23
19.01.2021;36 347,55
20.01.2021;35 089,15
21.01.2021;32 186,01
22.01.2021;33 655,72
23.01.2021;32 239,23
24.01.2021;31 706,06
25.01.2021;33 281,76
26.01.2021;31 981,18
27.01.2021;31 418,87
28.01.2021;32 673,74
29.01.2021;34 563,59
30.01.2021;34 264,34
31.01.2021;32 872,48
01.02.2021;33 759,52
02.02.2021;35 660,29
03.02.2021;36 916,04
04.02.2021;37 385,57
05.02.2021;37 642,32
06.02.2021;39 867,04
07.02.2021;38 313,37
08.02.2021;43 448,79
09.02.2021;47 290,30
10.02.2021;44 693,63
11.02.2021;48 228,87
12.02.2021;47 540,00
13.02.2021;46 785,54
14.02.2021;48 928,54
15.02.2021;48 711,57
16.02.2021;48 594,16
17.02.2021;52 349,04
18.02.2021;51 959,86
19.02.2021;55 365,94
20.02.2021;56 936,46
21.02.2021;58 006,09
22.02.2021;54 206,59
23.02.2021;47 300,12
24.02.2021;48 762,63
25.02.2021;48 854,44
26.02.2021;46 645,08
27.02.2021;47 162,18
28.02.2021;44 363,23
01.03.2021;48 322,85
02.03.2021;47 228,85
03.03.2021;50 935,67
04.03.2021;48 114,87
05.03.2021;49 146,98
06.03.2021;48 398,56
07.03.2021;49 991,13
08.03.2021;51 789,78
09.03.2021;54 416,10
10.03.2021;56 250,20
11.03.2021;57 526,12
12.03.2021;56 730,94
13.03.2021;61 479,92
14.03.2021;60 079,40
15.03.2021;56 497,64
16.03.2021;56 329,03
17.03.2021;58 069,59
18.03.2021;57 780,26
19.03.2021;58 449,24
20.03.2021;58 612,93
21.03.2021;57 885,72
22.03.2021;54 818,04
23.03.2021;54 884,36
24.03.2021;54 064,00
25.03.2021;52 345,53
26.03.2021;54 221,11
27.03.2021;56 005,93
28.03.2021;55 199,09
29.03.2021;57 446,02
30.03.2021;58 916,33
31.03.2021;59 217,66
01.04.2021;59 245,95
02.04.2021;59 108,90
03.04.2021;58 626,84
04.04.2021;58 484,27
05.04.2021;58 927,47
06.04.2021;58 395,09
07.04.2021;56 178,10
08.04.2021;58 032,79
09.04.2021;58 442,27
10.04.2021;59 064,99
11.04.2021;59 685,74
12.04.2021;60 247,44
13.04.2021;63 167,59
14.04.2021;62 306,93
15.04.2021;63 518,54
16.04.2021;62 125,39
17.04.2021;61 398,24
18.04.2021;56 239,05
19.04.2021;56 253,42
20.04.2021;56 946,05
21.04.2021;55 037,26
22.04.2021;51 750,70
23.04.2021;50 751,91
24.04.2021;50 951,51
25.04.2021;48 636,67
26.04.2021;53 379,41
27.04.2021;54 944,10
28.04.2021;54 322,30
29.04.2021;52 868,27
30.04.2021;56 767,75
01.05.2021;57 807,76
02.05.2021;56 829,29
03.05.2021;57 124,06
04.05.2021;54 572,74
05.05.2021;56 870,37
06.05.2021;56 025,07
07.05.2021;57 528,65
08.05.2021;59 026,70
09.05.2021;57 822,23
10.05.2021;54 821,39
11.05.2021;56 783,53
12.05.2021;54 437,70
13.05.2021;49 115,65
14.05.2021;49 574,54
15.05.2021;48 339,35
16.05.2021;44 162,96
17.05.2021;44 837,67
18.05.2021;43 219,67
19.05.2021;38 572,26
20.05.2021;39 927,36
21.05.2021;35 939,12
22.05.2021;38 101,06
23.05.2021;33 850,55
24.05.2021;38 993,40
25.05.2021;37 672,70
26.05.2021;38 807,38
27.05.2021;38 552,63
28.05.2021;35 430,99
29.05.2021;34 149,52
30.05.2021;36 091,85
31.05.2021;36 733,66
01.06.2021;36 198,89
02.06.2021;37 748,15
03.06.2021;38 599,15
04.06.2021;37 087,58
05.06.2021;35 706,21
06.06.2021;35 880,53
07.06.2021;34 769,34
08.06.2021;33 705,50
09.06.2021;36 407,02
10.06.2021;36 301,43
11.06.2021;37 340,77
12.06.2021;36 068,89
13.06.2021;38 991,86
14.06.2021;39 869,78
15.06.2021;39 904,51
16.06.2021;38 683,08
17.06.2021;37 789,27
18.06.2021;35 463,46
19.06.2021;36 152,73
20.06.2021;35 808,84
21.06.2021;32 638,74
22.06.2021;32 810,10
23.06.2021;33 175,12
24.06.2021;34 939,96
25.06.2021;32 284,37
26.06.2021;31 361,23
27.06.2021;32 739,02
28.06.2021;34 546,78
29.06.2021;36 285,43
30.06.2021;34 912,18
01.07.2021;33 443,66
02.07.2021;33 212,41
03.07.2021;34 673,90
04.07.2021;35 526,50
05.07.2021;33 823,23
06.07.2021;33 946,95
07.07.2021;34 579,45
08.07.2021;32 841,52
09.07.2021;33 502,27
10.07.2021;33 321,07
11.07.2021;33 912,51
12.07.2021;32 957,72
13.07.2021;32 418,66
14.07.2021;32 811,85
15.07.2021;31 728,58
16.07.2021;31 944,64
17.07.2021;31 767,52
18.07.2021;31 701,86
19.07.2021;30 820,72
20.07.2021;29 881,49
21.07.2021;31 697,99
22.07.2021;32 324,21
23.07.2021;32 450,06
24.07.2021;33 922,90
25.07.2021;34 381,68
26.07.2021;38 109,85
27.07.2021;38 035,38
28.07.2021;40 085,59
29.07.2021;39 709,09
30.07.2021;40 687,57
31.07.2021;41 643,85
01.08.2021;41 305,66
02.08.2021;38 746,35
03.08.2021;38 006,50
04.08.2021;39 647,15
05.08.2021;40 877,71
06.08.2021;42 720,89
07.08.2021;43 991,36
08.08.2021;43 786,38
09.08.2021;45 638,68
10.08.2021;45 600,96
11.08.2021;46 440,41
12.08.2021;44 475,32
13.08.2021;47 436,63
14.08.2021;46 654,87
15.08.2021;46 693,31
16.08.2021;45 859,86
17.08.2021;45 078,92
18.08.2021;44 636,13
19.08.2021;46 442,57
20.08.2021;48 689,30
21.08.2021;49 012,13
22.08.2021;48 452,62
23.08.2021;49 434,00
24.08.2021;48 280,61
25.08.2021;48 780,29
26.08.2021;47 010,77
27.08.2021;48 975,77
28.08.2021;48 699,50
29.08.2021;48 878,90
30.08.2021;48 634,15
31.08.2021;47 154,40
01.09.2021;48 276,62
02.09.2021;49 510,14
03.09.2021;50 146,03
04.09.2021;50 196,90
05.09.2021;50 961,22
06.09.2021;51 885,09
07.09.2021;46 380,72
08.09.2021;45 974,41
09.09.2021;46 312,68
10.09.2021;45 213,35
11.09.2021;45 393,72
12.09.2021;45 423,32
13.09.2021;44 902,50
14.09.2021;46 841,57
15.09.2021;48 063,72
16.09.2021;47 278,65
17.09.2021;47 142,52
18.09.2021;48 007,42
19.09.2021;47 604,84
20.09.2021;43 280,99
21.09.2021;41 049,34
22.09.2021;43 487,00
23.09.2021;44 614,07
24.09.2021;42 907,93
25.09.2021;42 707,31
26.09.2021;43 531,57
27.09.2021;42 832,27
28.09.2021;41 859,05
29.09.2021;41 015,62
30.09.2021;43 278,20
01.10.2021;47 955,42
02.10.2021;47 998,81
03.10.2021;48 668,25
04.10.2021;49 061,41
05.10.2021;51 348,18
06.10.2021;55 105,34
07.10.2021;54 172,87
08.10.2021;54 263,62
09.10.2021;54 495,14
10.10.2021;55 433,79
11.10.2021;57 396,93
12.10.2021;55 487,57
13.10.2021;56 968,25
14.10.2021;57 440,24
15.10.2021;62 264,83
16.10.2021;61 052,69
17.10.2021;59 605,17
18.10.2021;61 152,04
19.10.2021;64 253,46
20.10.2021;65 834,54
21.10.2021;62 793,27
22.10.2021;60 937,14
23.10.2021;61 032,69
24.10.2021;61 053,51
25.10.2021;62 660,57
26.10.2021;62 058,04
27.10.2021;58 775,30
28.10.2021;61 683,82
29.10.2021;62 401,87
30.10.2021;61 864,92
31.10.2021;61 005,07
01.11.2021;60 757,83
02.11.2021;63 142,59
03.11.2021;62 861,53
04.11.2021;61 326,62
05.11.2021;61 050,28
06.11.2021;61 232,75
07.11.2021;62 524,11
08.11.2021;65 952,27
09.11.2021;67 222,64
10.11.2021;66 185,52
11.11.2021;65 003,74
12.11.2021;63 963,06
13.11.2021;64 264,02
14.11.2021;64 099,34
15.11.2021;64 016,04
16.11.2021;59 432,87
17.11.2021;60 280,80
18.11.2021;58 516,27
19.11.2021;58 008,80
20.11.2021;59 415,13
21.11.2021;59 458,74
22.11.2021;56 061,01
23.11.2021;57 575,87
24.11.2021;57 242,05
25.11.2021;58 997,74
26.11.2021;54 455,44
27.11.2021;54 489,38
28.11.2021;54 906,32
29.11.2021;58 141,22
30.11.2021;57 504,25
01.12.2021;57 028,94
02.12.2021;57 011,76
03.12.2021;53 177,92
04.12.2021;49 193,56
05.12.2021;48 962,21
06.12.2021;49 196,00
07.12.2021;50 382,02
08.12.2021;50 731,80
09.12.2021;47 511,13
10.12.2021;48 308,85
11.12.2021;48 670,64
12.12.2021;50 333,54
13.12.2021;46 610,07
14.12.2021;47 375,01
15.12.2021;49 198,89
16.12.2021;48 158,82
17.12.2021;46 297,78
18.12.2021;46 774,50
19.12.2021;46 859,51
20.12.2021;46 978,55
21.12.2021;48 476,00
22.12.2021;49 064,75
23.12.2021;51 022,59
24.12.2021;51 204,75
25.12.2021;50 987,13
26.12.2021;50 357,00
27.12.2021;51 048,90
28.12.2021;47 980,25
29.12.2021;47 585,02
30.12.2021;47 277,52
31.12.2021;46 008,54
01.01.2022;47 444,09
02.01.2022;47 020,64
03.01.2022;45 886,26
04.01.2022;46 358,68
05.01.2022;44 253,15
06.01.2022;43 251,14
07.01.2022;41 842,67
08.01.2022;40 998,92
09.01.2022;42 497,65
10.01.2022;41 531,03
11.01.2022;42 837,59
12.01.2022;43 756,44
13.01.2022;42 597,65
14.01.2022;43 077,54
15.01.2022;43 600,30
16.01.2022;43 092,84
17.01.2022;42 199,22
18.01.2022;41 596,60
19.01.2022;41 728,11
20.01.2022;42 673,70
21.01.2022;38 181,39
22.01.2022;35 024,66
23.01.2022;35 236,40
24.01.2022;36 505,45
25.01.2022;37 007,91
26.01.2022;37 083,25
27.01.2022;35 963,24
28.01.2022;37 577,73
29.01.2022;38 272,76
30.01.2022;37 638,37
31.01.2022;38 480,81
01.02.2022;38 685,40
02.02.2022;37 526,39
03.02.2022;36 429,87
04.02.2022;40 522,31
05.02.2022;41 588,22
06.02.2022;41 634,37
07.02.2022;44 058,88
08.02.2022;44 039,37
09.02.2022;44 717,80
10.02.2022;43 927,43
11.02.2022;42 560,46
12.02.2022;42 679,30
13.02.2022;42 323,69
14.02.2022;42 247,24
15.02.2022;44 102,79
16.02.2022;44 182,90
17.02.2022;41 084,34
18.02.2022;40 114,91
19.02.2022;40 076,94
20.02.2022;38 362,96
21.02.2022;38 327,56
22.02.2022;37 880,40
23.02.2022;37 655,01
24.02.2022;38 209,00
25.02.2022;38 914,51
26.02.2022;39 364,51
27.02.2022;37 977,11
28.02.2022;41 742,97
01.03.2022;43 940,54
02.03.2022;43 768,44
03.03.2022;42 013,19
04.03.2022;39 482,25
05.03.2022;39 555,90
06.03.2022;38 875,79
07.03.2022;37 613,78
08.03.2022;38 540,09
09.03.2022;41 915,50
10.03.2022;39 477,90
11.03.2022;38 548,06
12.03.2022;39 179,20
13.03.2022;38 718,23
14.03.2022;38 869,23
15.03.2022;39 481,43
16.03.2022;41 276,12
17.03.2022;40 722,37
18.03.2022;41 889,92
19.03.2022;42 253,58
20.03.2022;41 471,22
21.03.2022;41 207,11
22.03.2022;42 448,12
23.03.2022;42 356,83
24.03.2022;43 913,04
25.03.2022;44 477,92
26.03.2022;44 619,87
27.03.2022;45 953,65
28.03.2022;47 919,62
29.03.2022;47 560,40
30.03.2022;47 129,93
31.03.2022;45 762,39
01.04.2022;46 194,81
02.04.2022;46 278,25
03.04.2022;46 452,03
04.04.2022;46 283,58
05.04.2022;45 706,38
06.04.2022;43 908,07
07.04.2022;43 584,96
08.04.2022;42 788,70
09.04.2022;42 522,77
10.04.2022;43 290,31
11.04.2022;40 031,32
12.04.2022;39 512,08
13.04.2022;41 187,76
14.04.2022;39 840,40
15.04.2022;40 387,85
16.04.2022;40 241,01
17.04.2022;40 354,36
18.04.2022;40 720,88
19.04.2022;41 254,47
20.04.2022;41 333,40
21.04.2022;40 835,93
22.04.2022;39 536,44
23.04.2022;39 804,56
24.04.2022;39 523,60
25.04.2022;40 159,63
26.04.2022;38 089,13
27.04.2022;39 150,38
28.04.2022;39 974,36
29.04.2022;38 555,20
30.04.2022;38 355,19
01.05.2022;37 939,74
02.05.2022;38 386,61
03.05.2022;37 622,31
04.05.2022;39 825,60
05.05.2022;36 314,56
06.05.2022;36 038,00
07.05.2022;35 771,41
08.05.2022;34 357,72
09.05.2022;30 918,35
10.05.2022;31 113,83
11.05.2022;29 165,87
12.05.2022;28 765,63
13.05.2022;29 871,72
14.05.2022;29 361,83
15.05.2022;30 920,84
16.05.2022;29 785,55
17.05.2022;30 179,22
18.05.2022;29 128,39
19.05.2022;30 124,93
20.05.2022;29 159,48
21.05.2022;29 390,11
22.05.2022;30 007,67
23.05.2022;29 401,46
24.05.2022;29 391,05
25.05.2022;29 707,39
26.05.2022;29 494,72
27.05.2022;28 835,51
28.05.2022;28 988,19
29.05.2022;29 142,98
30.05.2022;31 195,35
31.05.2022;31 690,76
01.06.2022;29 585,11
02.06.2022;30 286,22
03.06.2022;29 653,52
04.06.2022;29 721,45
05.06.2022;29 993,37
06.06.2022;31 373,97
07.06.2022;31 338,31
08.06.2022;30 222,22
09.06.2022;30 121,28
10.06.2022;29 171,12
11.06.2022;28 494,96
12.06.2022;27 422,44
13.06.2022;23 426,06
14.06.2022;21 912,07
15.06.2022;21 825,12
16.06.2022;20 678,86
17.06.2022;20 641,79
18.06.2022;17 764,77
19.06.2022;20 585,68
20.06.2022;20 277,13
21.06.2022;20 871,35
22.06.2022;19 915,95
23.06.2022;20 913,79
24.06.2022;21 182,53
25.06.2022;21 224,30
26.06.2022;21 346,52
27.06.2022;20 914,18
28.06.2022;20 273,29
29.06.2022;20 156,41
30.06.2022;18 849,17
01.07.2022;19 506,58
02.07.2022;19 250,40
03.07.2022;19 430,39
04.07.2022;19 777,26
05.07.2022;20 487,14
06.07.2022;20 308,33
07.07.2022;21 582,47
08.07.2022;21 848,77
09.07.2022;21 651,22
10.07.2022;20 945,76
11.07.2022;20 459,29
12.07.2022;19 436,56
13.07.2022;19 657,33
14.07.2022;20 598,36
15.07.2022;20 948,30
16.07.2022;21 124,31
17.07.2022;20 945,86
18.07.2022;21 547,82
19.07.2022;23 227,27
20.07.2022;23 219,76
21.07.2022;23 199,57
22.07.2022;22 605,88
23.07.2022;22 293,40
24.07.2022;22 764,72
25.07.2022;22 140,63
26.07.2022;20 919,35
27.07.2022;22 790,25
28.07.2022;23 867,02
29.07.2022;23 953,86
30.07.2022;23 978,44
31.07.2022;23 815,01
01.08.2022;23 028,10
02.08.2022;23 002,07
03.08.2022;23 325,36
04.08.2022;22 541,80
05.08.2022;22 953,87
06.08.2022;23 142,95
07.08.2022;23 238,29
08.08.2022;23 970,69
09.08.2022;23 134,32
10.08.2022;23 762,90
11.08.2022;24 201,57
12.08.2022;24 121,91
13.08.2022;24 472,55
14.08.2022;24 318,14
15.08.2022;24 023,08
16.08.2022;23 930,77
17.08.2022;23 398,95
18.08.2022;23 414,68
19.08.2022;21 259,00
20.08.2022;21 046,90
21.08.2022;21 516,94
22.08.2022;21 141,69
23.08.2022;21 489,97
24.08.2022;21 718,35
25.08.2022;21 653,28
26.08.2022;20 695,03
27.08.2022;19 976,71
28.08.2022;20 014,45
29.08.2022;20 174,09
30.08.2022;20 036,76
31.08.2022;20 186,38
01.09.2022;20 025,29
02.09.2022;19 935,20
03.09.2022;19 737,48
04.09.2022;19 900,14
05.09.2022;19 770,90
06.09.2022;18 938,30
07.09.2022;19 344,57
08.09.2022;19 378,28
09.09.2022;21 276,02
10.09.2022;21 413,10
11.09.2022;21 537,77
12.09.2022;22 426,66
13.09.2022;20 340,42
14.09.2022;19 964,12
15.09.2022;19 798,84
16.09.2022;19 726,88
17.09.2022;20 071,02
18.09.2022;19 731,09
19.09.2022;19 554,26
20.09.2022;18 974,74
21.09.2022;18 924,99
22.09.2022;19 294,42
23.09.2022;18 910,35
24.09.2022;19 140,97
26.09.2022;19 127,74
27.09.2022;19 009,97
28.09.2022;19 545,79
29.09.2022;19 452,47
30.09.2022;19 413,22
01.10.2022;19 266,73
02.10.2022;19 248,57
03.10.2022;19 558,56
04.10.2022;20 328,24
05.10.2022;20 102,50
06.10.2022;20 044,06
07.10.2022;19 543,11
08.10.2022;19 448,85
09.10.2022;19 462,87
10.10.2022;19 236,02
11.10.2022;19 047,90
12.10.2022;19 146,20
13.10.2022;19 398,59
14.10.2022;19 200,26
15.10.2022;19 097,45
16.10.2022;19 303,95
17.10.2022;19 545,02
18.10.2022;19 406,32
19.10.2022;19 201,28
20.10.2022;19 052,53
21.10.2022;19 188,90
22.10.2022;19 198,40
23.10.2022;19 460,76
24.10.2022;19 349,67
25.10.2022;20 146,76
26.10.2022;20 744,83
27.10.2022;20 419,73
28.10.2022;20 695,92
29.10.2022;20 855,85
30.10.2022;20 697,30
31.10.2022;20 428,06
01.11.2022;20 472,17
02.11.2022;20 192,12
03.11.2022;20 242,42
04.11.2022;21 072,80
05.11.2022;21 345,07
06.11.2022;21 178,59
07.11.2022;20 827,73
08.11.2022;18 345,79
09.11.2022;16 457,93
10.11.2022;17 489,69
11.11.2022;16 661,30
12.11.2022;16 811,84
13.11.2022;16 521,62
14.11.2022;16 299,83
15.11.2022;16 805,67
16.11.2022;16 569,75
17.11.2022;16 668,43
18.11.2022;16 628,82
19.11.2022;16 636,23
20.11.2022;16 524,49
21.11.2022;15 849,69
22.11.2022;16 167,49
23.11.2022;16 534,12
24.11.2022;16 570,84
25.11.2022;16 547,59
26.11.2022;16 497,49
27.11.2022;16 561,43
28.11.2022;16 238,67
29.11.2022;16 463,53
30.11.2022;17 049,34
01.12.2022;16 937,42
02.12.2022;17 003,21
03.12.2022;16 955,22
04.12.2022;17 109,89
05.12.2022;16 947,14
06.12.2022;16 990,51
07.12.2022;16 828,50
08.12.2022;17 209,51
09.12.2022;17 128,21
10.12.2022;17 180,20
11.12.2022;17 134,16
12.12.2022;17 069,99
13.12.2022;17 766,47
14.12.2022;17 753,35
15.12.2022;17 433,62
16.12.2022;16 913,46
17.12.2022;16 716,12
18.12.2022;16 777,47
19.12.2022;16 605,20
20.12.2022;16 898,36
21.12.2022;16 780,82
22.12.2022;16 779,22
23.12.2022;16 828,56
24.12.2022;16 851,30
25.12.2022;16 778,43
26.12.2022;16 847,06
27.12.2022;16 682,66
28.12.2022;16 611,49
29.12.2022;16 589,93
30.12.2022;16 546,20
31.12.2022;16 585,23
01.01.2023;16 614,17
02.01.2023;16 734,63
03.01.2023;16 657,46
04.01.2023;16 807,94
05.01.2023;16 862,85
06.01.2023;16 941,56
07.01.2023;16 945,72
08.01.2023;16 973,36
09.01.2023;17 227,47
10.01.2023;17 465,25
11.01.2023;17 534,03
12.01.2023;18 923,06
13.01.2023;19 425,48
14.01.2023;20 832,27
15.01.2023;20 896,12
16.01.2023;21 289,32
17.01.2023;21 326,05
18.01.2023;20 760,56
19.01.2023;21 078,78
20.01.2023;22 117,52
21.01.2023;23 146,92
22.01.2023;22 529,56
23.01.2023;22 894,38
24.01.2023;22 931,84
25.01.2023;22 889,58
26.01.2023;23 098,10
27.01.2023;23 173,52
28.01.2023;22 994,83
29.01.2023;23 765,59
30.01.2023;22 733,24
31.01.2023;23 121,28
01.02.2023;23 570,98
02.02.2023;23 802,21
03.02.2023;23 362,90
04.02.2023;23 421,42
05.02.2023;22 898,98
06.02.2023;23 003,58
07.02.2023;23 213,45
08.02.2023;22 886,02
09.02.2023;22 057,20
10.02.2023;21 751,70
11.02.2023;21 701,53
12.02.2023;21 998,11
13.02.2023;21 655,94
14.02.2023;22 225,17
15.02.2023;24 073,08
16.02.2023;24 520,99
17.02.2023;24 784,15
18.02.2023;24 607,02
19.02.2023;24 440,89
20.02.2023;24 801,71
21.02.2023;24 475,01
22.02.2023;23 786,63
23.02.2023;23 995,12
24.02.2023;23 212,46
25.02.2023;22 863,38
26.02.2023;23 643,53
27.02.2023;23 269,03
28.02.2023;23 340,97
01.03.2023;23 461,83
02.03.2023;23 533,85
03.03.2023;22 331,76
04.03.2023;22 198,98
05.03.2023;22 431,39
06.03.2023;22 408,07
07.03.2023;22 106,49
08.03.2023;22 111,09
09.03.2023;20 690,65
10.03.2023;20 002,48
11.03.2023;20 510,33
12.03.2023;21 495,65
13.03.2023;24 243,66
14.03.2023;24 744,52
15.03.2023;24 467,23
16.03.2023;24 845,81
17.03.2023;26 703,08
18.03.2023;27 484,74
19.03.2023;27 925,76
20.03.2023;28 010,65
21.03.2023;28 080,91
22.03.2023;27 308,04
23.03.2023;28 236,74
24.03.2023;27 603,55
25.03.2023;27 389,02
26.03.2023;27 724,26
27.03.2023;26 977,15
28.03.2023;27 351,51
29.03.2023;28 404,47
30.03.2023;28 086,03
31.03.2023;28 466,24
01.04.2023;28 497,00
02.04.2023;28 049,61
03.04.2023;27 752,86
04.04.2023;28 251,93
05.04.2023;28 172,34
06.04.2023;28 050,74
07.04.2023;27 913,36
08.04.2023;27 935,64
09.04.2023;28 119,99
10.04.2023;29 136,49
11.04.2023;30 189,72
12.04.2023;29 897,75
13.04.2023;30 282,91
14.04.2023;30 484,66
15.04.2023;30 309,77
16.04.2023;30 358,56
17.04.2023;29 441,93
18.04.2023;30 231,76
